-- phpMyAdmin SQL Dump
-- version 5.0.2
-- https://www.phpmyadmin.net/
--
-- Host: localhost
-- Generation Time: Jun 09, 2021 at 09:54 AM
-- Server version: 10.4.13-MariaDB
-- PHP Version: 7.2.31

SET SQL_MODE = "NO_AUTO_VALUE_ON_ZERO";
START TRANSACTION;
SET time_zone = "+00:00";


/*!40101 SET @OLD_CHARACTER_SET_CLIENT=@@CHARACTER_SET_CLIENT */;
/*!40101 SET @OLD_CHARACTER_SET_RESULTS=@@CHARACTER_SET_RESULTS */;
/*!40101 SET @OLD_COLLATION_CONNECTION=@@COLLATION_CONNECTION */;
/*!40101 SET NAMES utf8mb4 */;

--
-- Database: `mahendra_sistem_apotek`
--

-- --------------------------------------------------------

--
-- Table structure for table `arus_stok`
--

CREATE TABLE `arus_stok` (
  `id_arus_stok_barang` int(11) NOT NULL,
  `table_id` int(11) DEFAULT NULL,
  `table_name` varchar(100) DEFAULT NULL,
  `id_po_barang` int(11) DEFAULT NULL,
  `id_po_barang_detail` int(11) DEFAULT NULL,
  `id_barang` int(11) DEFAULT NULL,
  `id_stok_barang` int(11) DEFAULT NULL,
  `id_history_penyesuaian_stok` int(11) DEFAULT NULL,
  `asb_stok_masuk` decimal(20,0) DEFAULT NULL,
  `asb_stok_keluar` decimal(20,0) DEFAULT NULL,
  `asb_stok_terakhir` decimal(20,0) DEFAULT NULL,
  `asb_stok_total_terakhir` decimal(20,0) DEFAULT NULL,
  `asb_keterangan` text DEFAULT NULL,
  `asb_tipe proses` enum('insert','update','delete') DEFAULT NULL,
  `created_at` datetime DEFAULT NULL,
  `updated_at` datetime DEFAULT NULL,
  `deleted_at` datetime DEFAULT NULL
) ENGINE=InnoDB DEFAULT CHARSET=utf8mb4;

-- --------------------------------------------------------

--
-- Table structure for table `barang`
--

CREATE TABLE `barang` (
  `id_barang` int(11) NOT NULL,
  `id_jenis_barang` int(11) DEFAULT NULL,
  `id_satuan` int(11) DEFAULT NULL,
  `brg_kode` varchar(255) DEFAULT NULL,
  `brg_nama` varchar(255) DEFAULT NULL,
  `brg_kode_batch` varchar(255) DEFAULT NULL,
  `brg_expired` varchar(255) DEFAULT NULL,
  `brg_pbf` varchar(255) DEFAULT NULL,
  `brg_golongan` varchar(255) DEFAULT NULL,
  `brg_minimal_stok` varchar(255) DEFAULT NULL,
  `brg_keterangan` text DEFAULT NULL,
  `brg_harga_beli` int(11) DEFAULT NULL,
  `brg_harga_jual` int(11) DEFAULT NULL,
  `brg_status` enum('ready','return') DEFAULT 'ready',
  `created_at` datetime DEFAULT NULL,
  `updated_at` datetime DEFAULT NULL,
  `deleted_at` datetime DEFAULT NULL
) ENGINE=InnoDB DEFAULT CHARSET=utf8mb4;

-- --------------------------------------------------------

--
-- Table structure for table `history_penyesuaian_barang`
--

CREATE TABLE `history_penyesuaian_barang` (
  `id_history_penyesuaian_stok` int(11) NOT NULL,
  `id_barang` int(11) DEFAULT NULL,
  `id_stok_barang` int(11) DEFAULT NULL,
  `brg_qty_awal` decimal(20,0) DEFAULT NULL,
  `brg_qty_akhir` decimal(20,0) DEFAULT NULL,
  `keterangan` text DEFAULT NULL,
  `created_at` datetime DEFAULT NULL,
  `updated_at` datetime DEFAULT NULL,
  `deleted_at` datetime DEFAULT NULL
) ENGINE=InnoDB DEFAULT CHARSET=utf8mb4;

-- --------------------------------------------------------

--
-- Table structure for table `hutang_lain`
--

CREATE TABLE `hutang_lain` (
  `id_hutang_lain` int(11) NOT NULL,
  `hul_no_faktur` varchar(25) DEFAULT NULL,
  `hul_tanggal` date DEFAULT NULL,
  `hul_tanggal_jatuh_tempo` date DEFAULT NULL,
  `hul_total` decimal(20,2) DEFAULT NULL,
  `hul_sisa` decimal(20,2) DEFAULT NULL,
  `hul_keterangan` text DEFAULT NULL,
  `hul_status` enum('lunas','belum_lunas') DEFAULT NULL,
  `created_at` datetime DEFAULT NULL,
  `updated_at` datetime DEFAULT NULL,
  `deleted_at` datetime DEFAULT NULL
) ENGINE=InnoDB DEFAULT CHARSET=utf8mb4;

-- --------------------------------------------------------

--
-- Table structure for table `hutang_lain_pembayaran`
--

CREATE TABLE `hutang_lain_pembayaran` (
  `id_hutang_lain_pembayaran` int(11) NOT NULL,
  `hlp_jumlah_bayar` decimal(20,0) DEFAULT NULL,
  `hlp_tanggal_bayar` date DEFAULT NULL,
  `hlp_keterangan` text DEFAULT NULL,
  `created_at` datetime DEFAULT NULL,
  `updated_at` datetime DEFAULT NULL,
  `deleted_at` datetime DEFAULT NULL
) ENGINE=InnoDB DEFAULT CHARSET=utf8mb4;

-- --------------------------------------------------------

--
-- Table structure for table `hutang_supplier`
--

CREATE TABLE `hutang_supplier` (
  `id_hutang_supplier` int(11) NOT NULL,
  `id_supplier` int(11) DEFAULT NULL,
  `id_po_barang` int(11) DEFAULT NULL,
  `hsp_no_faktur` varchar(25) DEFAULT NULL,
  `hsp_tanggal` date DEFAULT NULL,
  `hsp_tanggal_jatuh_tempo` date DEFAULT NULL,
  `hsp_total` decimal(20,2) DEFAULT NULL,
  `hsp_sisa` decimal(20,2) DEFAULT NULL,
  `hsp_keterangan` text DEFAULT NULL,
  `hsp_status` enum('lunas','belum_lunas') DEFAULT NULL,
  `created_at` datetime DEFAULT NULL,
  `updated_at` datetime DEFAULT NULL,
  `deleted_at` datetime DEFAULT NULL
) ENGINE=InnoDB DEFAULT CHARSET=utf8mb4;

-- --------------------------------------------------------

--
-- Table structure for table `hutang_supplier_pembayaran`
--

CREATE TABLE `hutang_supplier_pembayaran` (
  `id_hutang_supplier_pembayaran` int(11) NOT NULL,
  `id_hutang_supplier` int(11) DEFAULT NULL,
  `hsp_jumlah_bayar` decimal(20,0) DEFAULT NULL,
  `hsp_tanggal_bayar` date DEFAULT NULL,
  `hsp_keterangan` text DEFAULT NULL,
  `created_at` datetime DEFAULT NULL,
  `updated_at` datetime DEFAULT NULL,
  `deleted_at` datetime DEFAULT NULL
) ENGINE=InnoDB DEFAULT CHARSET=utf8mb4;

-- --------------------------------------------------------

--
-- Table structure for table `jenis_barang`
--

CREATE TABLE `jenis_barang` (
  `id_jenis_barang` int(11) NOT NULL,
  `jbr_nama` varchar(255) DEFAULT NULL,
  `jbr_keterangan` text DEFAULT NULL,
  `created_at` datetime DEFAULT NULL,
  `updated_at` datetime DEFAULT NULL,
  `deleted_at` datetime DEFAULT NULL
) ENGINE=InnoDB DEFAULT CHARSET=utf8mb4;

-- --------------------------------------------------------

--
-- Table structure for table `penjualan`
--

CREATE TABLE `penjualan` (
  `id_penjualan` int(11) NOT NULL,
  `id_pelanggan` int(11) DEFAULT NULL,
  `pjl_urutan` bigint(20) DEFAULT NULL,
  `pjl_no_faktur` varchar(100) DEFAULT NULL,
  `pjl_tanggal` date DEFAULT NULL,
  `pjl_tipe_pembayaran` enum('cash','debit','transfer','piutang') DEFAULT NULL,
  `pjl_total` decimal(20,2) DEFAULT NULL,
  `pjl_biaya_tambahan` decimal(20,2) DEFAULT NULL,
  `pjl_potongan_akhir` decimal(20,2) DEFAULT NULL,
  `pjl_grand_total` decimal(20,2) DEFAULT NULL,
  `pjl_terbayar` decimal(20,2) DEFAULT NULL,
  `pjl_sisa_pembayaran` decimal(20,2) DEFAULT NULL,
  `created_at` datetime DEFAULT NULL,
  `updated_at` datetime DEFAULT NULL,
  `deleted_at` datetime DEFAULT NULL
) ENGINE=InnoDB DEFAULT CHARSET=utf8mb4;

-- --------------------------------------------------------

--
-- Table structure for table `penjualan_detail`
--

CREATE TABLE `penjualan_detail` (
  `id_penjualan_detail` int(11) NOT NULL,
  `id_penjualan` int(11) DEFAULT NULL,
  `id_barang` int(11) DEFAULT NULL,
  `id_stok_barang` int(11) DEFAULT NULL,
  `pjd_qty` decimal(20,0) DEFAULT NULL,
  `pjd_harga` decimal(20,0) DEFAULT NULL,
  `pjd_hpp` decimal(20,0) DEFAULT NULL,
  `pjd_potongan` decimal(20,0) DEFAULT NULL,
  `pjd_ppn_persen` decimal(20,0) DEFAULT NULL,
  `pjd_ppn_nominal` decimal(20,0) DEFAULT NULL,
  `pjd_harga_net` decimal(20,0) DEFAULT NULL,
  `pjd_sub_total` decimal(20,0) DEFAULT NULL,
  `created_at` datetime DEFAULT NULL,
  `updated_at` datetime DEFAULT NULL,
  `deleted_at` datetime DEFAULT NULL
) ENGINE=InnoDB DEFAULT CHARSET=utf8mb4;

-- --------------------------------------------------------

--
-- Table structure for table `piutang_lain`
--

CREATE TABLE `piutang_lain` (
  `id_piutang_lain` int(11) NOT NULL,
  `id_pelanggan` int(11) DEFAULT NULL,
  `ptl_no_faktur` varchar(25) DEFAULT NULL,
  `ptl_tanggal` date DEFAULT NULL,
  `ptl_jatuh_tempo` date DEFAULT NULL,
  `ptl_total` decimal(20,2) DEFAULT NULL,
  `ptl_sisa` decimal(20,2) DEFAULT NULL,
  `ptl_status` enum('lunas','belum_lunas') DEFAULT NULL,
  `ptl_keterangan` text DEFAULT NULL,
  `created_at` datetime DEFAULT NULL,
  `updated_at` datetime DEFAULT NULL,
  `deleted_at` datetime DEFAULT NULL
) ENGINE=InnoDB DEFAULT CHARSET=utf8mb4;

-- --------------------------------------------------------

--
-- Table structure for table `piutang_lain_pembayaran`
--

CREATE TABLE `piutang_lain_pembayaran` (
  `id_piutang_lain_pembayaran` int(11) NOT NULL,
  `id_piutang_lain` int(11) DEFAULT NULL,
  `plp_jumlah_bayar` decimal(20,2) DEFAULT NULL,
  `plp_tanggal_bayar` decimal(20,2) DEFAULT NULL,
  `plp_keterangan` text DEFAULT NULL,
  `created_at` datetime DEFAULT NULL,
  `updated_at` datetime DEFAULT NULL,
  `deleted_at` datetime DEFAULT NULL
) ENGINE=InnoDB DEFAULT CHARSET=utf8mb4;

-- --------------------------------------------------------

--
-- Table structure for table `piutang_pelanggan`
--

CREATE TABLE `piutang_pelanggan` (
  `id_piutang_pelanggan` int(11) NOT NULL,
  `id_penjualan` int(11) DEFAULT NULL,
  `id_pelanggan` int(11) DEFAULT NULL,
  `ppl_no_faktur` varchar(25) DEFAULT NULL,
  `ppl_tanggal` date DEFAULT NULL,
  `ppl_jatuh_tempo` date DEFAULT NULL,
  `ppl_total` decimal(20,2) DEFAULT NULL,
  `ppl_sisa` decimal(20,2) DEFAULT NULL,
  `ppl_status` enum('lunas','belum_lunas') DEFAULT NULL,
  `ppl_keterangan` text DEFAULT NULL,
  `created_at` datetime DEFAULT NULL,
  `updated_at` datetime DEFAULT NULL,
  `deleted_at` datetime DEFAULT NULL
) ENGINE=InnoDB DEFAULT CHARSET=utf8mb4;

-- --------------------------------------------------------

--
-- Table structure for table `piutang_pelanggan_pembayaran`
--

CREATE TABLE `piutang_pelanggan_pembayaran` (
  `id_piutang_pelanggan_pembayaran` int(11) NOT NULL,
  `id_piutang_pelanggan` int(11) DEFAULT NULL,
  `ppp_jumlah_bayar` decimal(20,2) DEFAULT NULL,
  `ppp_tanggal_bayar` decimal(20,2) DEFAULT NULL,
  `ppp_keterangan` text DEFAULT NULL,
  `created_at` datetime DEFAULT NULL,
  `updated_at` datetime DEFAULT NULL,
  `deleted_at` datetime DEFAULT NULL
) ENGINE=InnoDB DEFAULT CHARSET=utf8mb4;

-- --------------------------------------------------------

--
-- Table structure for table `po_barang`
--

CREATE TABLE `po_barang` (
  `id_po_barang` int(11) DEFAULT NULL,
  `id_supplier` int(11) DEFAULT NULL,
  `pob_urutan` int(11) DEFAULT NULL,
  `pob_no_faktur` varchar(50) DEFAULT NULL,
  `pob_tanggal_order` date DEFAULT NULL,
  `pob_jenis_pembayaran` enum('cash','kredit','transfer') DEFAULT 'transfer',
  `pob_total` decimal(20,2) DEFAULT NULL,
  `pob_biaya_tambahan` decimal(20,2) DEFAULT NULL,
  `pob_potongan` decimal(20,2) DEFAULT NULL,
  `pob_grand_total` decimal(20,2) DEFAULT NULL,
  `pob_status` enum('order','progress','arrive','paid','hutang') DEFAULT 'order',
  `pob_tanggal_barang_datang` date DEFAULT NULL,
  `created_at` datetime DEFAULT NULL,
  `updated_at` datetime DEFAULT NULL,
  `deleted_at` datetime DEFAULT NULL
) ENGINE=InnoDB DEFAULT CHARSET=utf8mb4;

-- --------------------------------------------------------

--
-- Table structure for table `po_barang_detail`
--

CREATE TABLE `po_barang_detail` (
  `id_po_barang_detail` int(11) NOT NULL,
  `id_po_barang` int(11) DEFAULT NULL,
  `id_barang` int(11) DEFAULT NULL,
  `pbd_harga` decimal(20,2) DEFAULT NULL,
  `pbd_ppn_persen` decimal(20,2) DEFAULT NULL,
  `pbd_ppn_nominal` decimal(20,2) DEFAULT NULL,
  `pbd_harga_net` decimal(20,2) DEFAULT NULL,
  `pbd_qty` decimal(20,2) DEFAULT NULL,
  `pbd_sub_total` decimal(20,2) DEFAULT NULL,
  `created_at` datetime DEFAULT NULL,
  `updated_at` datetime DEFAULT NULL,
  `deleted_at` datetime DEFAULT NULL
) ENGINE=InnoDB DEFAULT CHARSET=utf8mb4;

-- --------------------------------------------------------

--
-- Table structure for table `province`
--

CREATE TABLE `province` (
  `id_province` int(11) NOT NULL,
  `province_name` varchar(255) DEFAULT NULL
) ENGINE=InnoDB DEFAULT CHARSET=utf8mb4;

--
-- Dumping data for table `province`
--

INSERT INTO `province` (`id_province`, `province_name`) VALUES
(1, 'Bali'),
(2, 'Bangka Belitung'),
(3, 'Banten'),
(4, 'Bengkulu'),
(5, 'DI Yogyakarta'),
(6, 'DKI Jakarta'),
(7, 'Gorontalo'),
(8, 'Jambi'),
(9, 'Jawa Barat'),
(10, 'Jawa Tengah'),
(11, 'Jawa Timur'),
(12, 'Kalimantan Barat'),
(13, 'Kalimantan Selatan'),
(14, 'Kalimantan Tengah'),
(15, 'Kalimantan Timur'),
(16, 'Kalimantan Utara'),
(17, 'Kepulauan Riau'),
(18, 'Lampung'),
(19, 'Maluku'),
(20, 'Maluku Utara'),
(21, 'Nanggroe Aceh Darussalam (NAD)'),
(22, 'Nusa Tenggara Barat (NTB)'),
(23, 'Nusa Tenggara Timur (NTT)'),
(24, 'Papua'),
(25, 'Papua Barat'),
(26, 'Riau'),
(27, 'Sulawesi Barat'),
(28, 'Sulawesi Selatan'),
(29, 'Sulawesi Tengah'),
(30, 'Sulawesi Tenggara'),
(31, 'Sulawesi Utara'),
(32, 'Sumatera Barat'),
(33, 'Sumatera Selatan'),
(34, 'Sumatera Utara');

-- --------------------------------------------------------

--
-- Table structure for table `satuan`
--

CREATE TABLE `satuan` (
  `id_satuan` int(11) NOT NULL,
  `stn_nama` varchar(255) DEFAULT NULL,
  `stn_keterangan` text DEFAULT NULL,
  `created_at` datetime DEFAULT NULL,
  `updated_at` datetime DEFAULT NULL,
  `deleted_at` datetime DEFAULT NULL
) ENGINE=InnoDB DEFAULT CHARSET=utf8mb4;

-- --------------------------------------------------------

--
-- Table structure for table `stok_barang`
--

CREATE TABLE `stok_barang` (
  `id_stok_barang` int(11) NOT NULL,
  `id_barang` int(11) DEFAULT NULL,
  `sbr_qty` int(11) DEFAULT NULL,
  `created_at` datetime DEFAULT NULL,
  `updated_at` datetime DEFAULT NULL,
  `deleted_at` datetime DEFAULT NULL
) ENGINE=InnoDB DEFAULT CHARSET=utf8mb4;

-- --------------------------------------------------------

--
-- Table structure for table `subdistrict`
--

CREATE TABLE `subdistrict` (
  `id_subdistrict` int(11) NOT NULL,
  `id_province` int(11) DEFAULT NULL,
  `id_city` int(11) DEFAULT NULL,
  `subdistrict_name` varchar(255) DEFAULT NULL
) ENGINE=InnoDB DEFAULT CHARSET=utf8mb4;

--
-- Dumping data for table `subdistrict`
--

INSERT INTO `subdistrict` (`id_subdistrict`, `id_province`, `id_city`, `subdistrict_name`) VALUES
(1, 21, 1, 'Arongan Lambalek'),
(2, 21, 1, 'Bubon'),
(3, 21, 1, 'Johan Pahlawan'),
(4, 21, 1, 'Kaway XVI'),
(5, 21, 1, 'Meureubo'),
(6, 21, 1, 'Pante Ceureumen (Pantai Ceuremen)'),
(7, 21, 1, 'Panton Reu'),
(8, 21, 1, 'Samatiga'),
(9, 21, 1, 'Sungai Mas'),
(10, 21, 1, 'Woyla'),
(11, 21, 1, 'Woyla Barat'),
(12, 21, 1, 'Woyla Timur'),
(13, 21, 2, 'Babah Rot'),
(14, 21, 2, 'Blang Pidie'),
(15, 21, 2, 'Jeumpa'),
(16, 21, 2, 'Kuala Batee'),
(17, 21, 2, 'Lembah Sabil'),
(18, 21, 2, 'Manggeng'),
(19, 21, 2, 'Setia'),
(20, 21, 2, 'Susoh'),
(21, 21, 2, 'Tangan-Tangan'),
(22, 21, 3, 'Baitussalam'),
(23, 21, 3, 'Blank Bintang'),
(24, 21, 3, 'Darul Imarah'),
(25, 21, 3, 'Darul Kamal'),
(26, 21, 3, 'Darussalam'),
(27, 21, 3, 'Indrapuri'),
(28, 21, 3, 'Ingin Jaya'),
(29, 21, 3, 'Kota Cot Glie (Kuta Cot Glie)'),
(30, 21, 3, 'Kota Jantho'),
(31, 21, 3, 'Kota Malaka (Kuta Malaka)'),
(32, 21, 3, 'Krueng Barona Jaya'),
(33, 21, 3, 'Kuta Baro'),
(34, 21, 3, 'Lembah Seulawah'),
(35, 21, 3, 'Leupung'),
(36, 21, 3, 'Lhoknga (Lho\'nga)'),
(37, 21, 3, 'Lhoong'),
(38, 21, 3, 'Mantasiek (Montasik)'),
(39, 21, 3, 'Mesjid Raya'),
(40, 21, 3, 'Peukan Bada'),
(41, 21, 3, 'Pulo Aceh'),
(42, 21, 3, 'Seulimeum'),
(43, 21, 3, 'Simpang Tiga'),
(44, 21, 3, 'Suka Makmur'),
(45, 21, 4, 'Darul Hikmah'),
(46, 21, 4, 'Indra Jaya'),
(47, 21, 4, 'Jaya'),
(48, 21, 4, 'Keude Panga'),
(49, 21, 4, 'Krueng Sabee'),
(50, 21, 4, 'Pasie Raya'),
(51, 21, 4, 'Sampoiniet'),
(52, 21, 4, 'Setia Bakti'),
(53, 21, 4, 'Teunom'),
(54, 21, 5, 'Bakongan'),
(55, 21, 5, 'Bakongan Timur'),
(56, 21, 5, 'Kluet Selatan'),
(57, 21, 5, 'Kluet Tengah'),
(58, 21, 5, 'Kluet Timur'),
(59, 21, 5, 'Kluet Utara'),
(60, 21, 5, 'Kota Bahagia'),
(61, 21, 5, 'Labuhan Haji'),
(62, 21, 5, 'Labuhan Haji Barat'),
(63, 21, 5, 'Labuhan Haji Timur'),
(64, 21, 5, 'Meukek'),
(65, 21, 5, 'Pasie Raja'),
(66, 21, 5, 'Sama Dua'),
(67, 21, 5, 'Sawang'),
(68, 21, 5, 'Tapak Tuan'),
(69, 21, 5, 'Trumon'),
(70, 21, 5, 'Trumon Tengah'),
(71, 21, 5, 'Trumon Timur'),
(72, 21, 6, 'Danau Paris'),
(73, 21, 6, 'Gunung Meriah (Mariah)'),
(74, 21, 6, 'Kota Baharu'),
(75, 21, 6, 'Kuala Baru'),
(76, 21, 6, 'Pulau Banyak'),
(77, 21, 6, 'Pulau Banyak Barat'),
(78, 21, 6, 'Simpang Kanan'),
(79, 21, 6, 'Singkil'),
(80, 21, 6, 'Singkil Utara'),
(81, 21, 6, 'Singkohor'),
(82, 21, 6, 'Suro Makmur'),
(83, 21, 7, 'Banda Mulia'),
(84, 21, 7, 'Bandar Pusaka'),
(85, 21, 7, 'Bendahara'),
(86, 21, 7, 'Karang Baru'),
(87, 21, 7, 'Kejuruan Muda'),
(88, 21, 7, 'Kota Kuala Simpang'),
(89, 21, 7, 'Manyak Payed'),
(90, 21, 7, 'Rantau'),
(91, 21, 7, 'Sekerak'),
(92, 21, 7, 'Seruway'),
(93, 21, 7, 'Tamiang Hulu'),
(94, 21, 7, 'Tenggulun'),
(95, 21, 8, 'Atu Lintang'),
(96, 21, 8, 'Bebesen'),
(97, 21, 8, 'Bies'),
(98, 21, 8, 'Bintang'),
(99, 21, 8, 'Celala'),
(100, 21, 8, 'Jagong Jeget'),
(101, 21, 8, 'Kebayakan'),
(102, 21, 8, 'Ketol'),
(103, 21, 8, 'Kute Panang'),
(104, 21, 8, 'Linge'),
(105, 21, 8, 'Lut Tawar'),
(106, 21, 8, 'Pegasing'),
(107, 21, 8, 'Rusip Antara'),
(108, 21, 8, 'Silih Nara'),
(109, 21, 9, 'Babul Makmur'),
(110, 21, 9, 'Babul Rahmah'),
(111, 21, 9, 'Babussalam'),
(112, 21, 9, 'Badar'),
(113, 21, 9, 'Bambel'),
(114, 21, 9, 'Bukit Tusam'),
(115, 21, 9, 'Darul Hasanah'),
(116, 21, 9, 'Deleng Pokhisen'),
(117, 21, 9, 'Ketambe'),
(118, 21, 9, 'Lawe Alas'),
(119, 21, 9, 'Lawe Bulan'),
(120, 21, 9, 'Lawe Sigala-Gala'),
(121, 21, 9, 'Lawe Sumur'),
(122, 21, 9, 'Leuser'),
(123, 21, 9, 'Semadam'),
(124, 21, 9, 'Tanah Alas'),
(125, 21, 10, 'Banda Alam'),
(126, 21, 10, 'Birem Bayeun'),
(127, 21, 10, 'Darul Aman'),
(128, 21, 10, 'Darul Falah'),
(129, 21, 10, 'Darul Iksan (Ihsan)'),
(130, 21, 10, 'Idi Rayeuk'),
(131, 21, 10, 'Idi Timur'),
(132, 21, 10, 'Idi Tunong'),
(133, 21, 10, 'Indra Makmur'),
(134, 21, 10, 'Julok'),
(135, 21, 10, 'Madat'),
(136, 21, 10, 'Nurussalam'),
(137, 21, 10, 'Pante Bidari (Beudari)'),
(138, 21, 10, 'Peudawa'),
(139, 21, 10, 'Peunaron'),
(140, 21, 10, 'Peureulak'),
(141, 21, 10, 'Peureulak Barat'),
(142, 21, 10, 'Peureulak Timur'),
(143, 21, 10, 'Rantau Selamat'),
(144, 21, 10, 'Ranto Peureulak'),
(145, 21, 10, 'Serba Jadi'),
(146, 21, 10, 'Simpang Jernih'),
(147, 21, 10, 'Simpang Ulim'),
(148, 21, 10, 'Sungai Raya'),
(149, 21, 11, 'Baktiya'),
(150, 21, 11, 'Baktiya Barat'),
(151, 21, 11, 'Banda Baro'),
(152, 21, 11, 'Cot Girek'),
(153, 21, 11, 'Dewantara'),
(154, 21, 11, 'Geuredong Pase'),
(155, 21, 11, 'Kuta Makmur'),
(156, 21, 11, 'Langkahan'),
(157, 21, 11, 'Lapang'),
(158, 21, 11, 'Lhoksukon'),
(159, 21, 11, 'Matangkuli'),
(160, 21, 11, 'Meurah Mulia'),
(161, 21, 11, 'Muara Batu'),
(162, 21, 11, 'Nibong'),
(163, 21, 11, 'Nisam'),
(164, 21, 11, 'Nisam Antara'),
(165, 21, 11, 'Paya Bakong'),
(166, 21, 11, 'Pirak Timur'),
(167, 21, 11, 'Samudera'),
(168, 21, 11, 'Sawang'),
(169, 21, 11, 'Seunuddon (Seunudon)'),
(170, 21, 11, 'Simpang Kramat (Keramat)'),
(171, 21, 11, 'Syamtalira Aron'),
(172, 21, 11, 'Syamtalira Bayu'),
(173, 21, 11, 'Tanah Jambo Aye'),
(174, 21, 11, 'Tanah Luas'),
(175, 21, 11, 'Tanah Pasir'),
(176, 32, 12, 'Ampek Nagari (IV Nagari )'),
(177, 32, 12, 'Banuhampu'),
(178, 32, 12, 'Baso'),
(179, 32, 12, 'Candung'),
(180, 32, 12, 'IV Angkat Candung (Ampek Angkek)'),
(181, 32, 12, 'IV Koto (Ampek Koto)'),
(182, 32, 12, 'Kamang Magek'),
(183, 32, 12, 'Lubuk Basung'),
(184, 32, 12, 'Malakak'),
(185, 32, 12, 'Matur'),
(186, 32, 12, 'Palembayan'),
(187, 32, 12, 'Palupuh'),
(188, 32, 12, 'Sungai Pua (Puar)'),
(189, 32, 12, 'Tanjung Mutiara'),
(190, 32, 12, 'Tanjung Raya'),
(191, 32, 12, 'Tilatang Kamang'),
(192, 23, 13, 'Alor Barat Daya'),
(193, 23, 13, 'Alor Barat Laut'),
(194, 23, 13, 'Alor Selatan'),
(195, 23, 13, 'Alor Tengah Utara'),
(196, 23, 13, 'Alor Timur'),
(197, 23, 13, 'Alor Timur Laut'),
(198, 23, 13, 'Kabola'),
(199, 23, 13, 'Lembur'),
(200, 23, 13, 'Mataru'),
(201, 23, 13, 'Pantar'),
(202, 23, 13, 'Pantar Barat'),
(203, 23, 13, 'Pantar Barat Laut'),
(204, 23, 13, 'Pantar Tengah'),
(205, 23, 13, 'Pantar Timur'),
(206, 23, 13, 'Pulau Pura'),
(207, 23, 13, 'Pureman'),
(208, 23, 13, 'Teluk Mutiara'),
(209, 19, 14, 'Baguala'),
(210, 19, 14, 'Leitimur Selatan'),
(211, 19, 14, 'Nusaniwe (Nusanive)'),
(212, 19, 14, 'Sirimau'),
(213, 19, 14, 'Teluk Ambon'),
(214, 34, 15, 'Aek Kuasan'),
(215, 34, 15, 'Aek Ledong'),
(216, 34, 15, 'Aek Songsongan'),
(217, 34, 15, 'Air Batu'),
(218, 34, 15, 'Air Joman'),
(219, 34, 15, 'Bandar Pasir Mandoge'),
(220, 34, 15, 'Bandar Pulau'),
(221, 34, 15, 'Buntu Pane'),
(222, 34, 15, 'Kisaran Barat Kota'),
(223, 34, 15, 'Kisaran Timur Kota'),
(224, 34, 15, 'Meranti'),
(225, 34, 15, 'Pulau Rakyat'),
(226, 34, 15, 'Pulo Bandring'),
(227, 34, 15, 'Rahuning'),
(228, 34, 15, 'Rawang Panca Arga'),
(229, 34, 15, 'Sei Dadap'),
(230, 34, 15, 'Sei Kepayang'),
(231, 34, 15, 'Sei Kepayang Barat'),
(232, 34, 15, 'Sei Kepayang Timur'),
(233, 34, 15, 'Setia Janji'),
(234, 34, 15, 'Silau Laut'),
(235, 34, 15, 'Simpang Empat'),
(236, 34, 15, 'Tanjung Balai'),
(237, 34, 15, 'Teluk Dalam'),
(238, 34, 15, 'Tinggi Raja'),
(239, 24, 16, 'Agats'),
(240, 24, 16, 'Akat'),
(241, 24, 16, 'Atsy / Atsj'),
(242, 24, 16, 'Ayip'),
(243, 24, 16, 'Betcbamu'),
(244, 24, 16, 'Der Koumur'),
(245, 24, 16, 'Fayit'),
(246, 24, 16, 'Jetsy'),
(247, 24, 16, 'Joerat'),
(248, 24, 16, 'Kolf Braza'),
(249, 24, 16, 'Kopay'),
(250, 24, 16, 'Pantai Kasuari'),
(251, 24, 16, 'Pulau Tiga'),
(252, 24, 16, 'Safan'),
(253, 24, 16, 'Sawa Erma'),
(254, 24, 16, 'Sirets'),
(255, 24, 16, 'Suator'),
(256, 24, 16, 'Suru-suru'),
(257, 24, 16, 'Unir Sirau'),
(258, 1, 17, 'Abiansemal'),
(259, 1, 17, 'Kuta'),
(260, 1, 17, 'Kuta Selatan'),
(261, 1, 17, 'Kuta Utara'),
(262, 1, 17, 'Mengwi'),
(263, 1, 17, 'Petang'),
(264, 13, 18, 'Awayan'),
(265, 13, 18, 'Batu Mandi'),
(266, 13, 18, 'Halong'),
(267, 13, 18, 'Juai'),
(268, 13, 18, 'Lampihong'),
(269, 13, 18, 'Paringin'),
(270, 13, 18, 'Paringin Selatan'),
(271, 13, 18, 'Tebing Tinggi'),
(272, 15, 19, 'Balikpapan Barat'),
(273, 15, 19, 'Balikpapan Kota'),
(274, 15, 19, 'Balikpapan Selatan'),
(275, 15, 19, 'Balikpapan Tengah'),
(276, 15, 19, 'Balikpapan Timur'),
(277, 15, 19, 'Balikpapan Utara'),
(278, 21, 20, 'Baiturrahman'),
(279, 21, 20, 'Banda Raya'),
(280, 21, 20, 'Jaya Baru'),
(281, 21, 20, 'Kuta Alam'),
(282, 21, 20, 'Kuta Raja'),
(283, 21, 20, 'Lueng Bata'),
(284, 21, 20, 'Meuraxa'),
(285, 21, 20, 'Syiah Kuala'),
(286, 21, 20, 'Ulee Kareng'),
(287, 18, 21, 'Bumi Waras'),
(288, 18, 21, 'Enggal'),
(289, 18, 21, 'Kedamaian'),
(290, 18, 21, 'Kedaton'),
(291, 18, 21, 'Kemiling'),
(292, 18, 21, 'Labuhan Ratu'),
(293, 18, 21, 'Langkapura'),
(294, 18, 21, 'Panjang'),
(295, 18, 21, 'Rajabasa'),
(296, 18, 21, 'Sukabumi'),
(297, 18, 21, 'Sukarame'),
(298, 18, 21, 'Tanjung Karang Barat'),
(299, 18, 21, 'Tanjung Karang Pusat'),
(300, 18, 21, 'Tanjung Karang Timur'),
(301, 18, 21, 'Tanjung Senang'),
(302, 18, 21, 'Telukbetung Barat'),
(303, 18, 21, 'Telukbetung Selatan'),
(304, 18, 21, 'Telukbetung Timur'),
(305, 18, 21, 'Telukbetung Utara'),
(306, 18, 21, 'Way Halim'),
(307, 9, 22, 'Arjasari'),
(308, 9, 22, 'Baleendah'),
(309, 9, 22, 'Banjaran'),
(310, 9, 22, 'Bojongsoang'),
(311, 9, 22, 'Cangkuang'),
(312, 9, 22, 'Cicalengka'),
(313, 9, 22, 'Cikancung'),
(314, 9, 22, 'Cilengkrang'),
(315, 9, 22, 'Cileunyi'),
(316, 9, 22, 'Cimaung'),
(317, 9, 22, 'Cimeunyan'),
(318, 9, 22, 'Ciparay'),
(319, 9, 22, 'Ciwidey'),
(320, 9, 22, 'Dayeuhkolot'),
(321, 9, 22, 'Ibun'),
(322, 9, 22, 'Katapang'),
(323, 9, 22, 'Kertasari'),
(324, 9, 22, 'Kutawaringin'),
(325, 9, 22, 'Majalaya'),
(326, 9, 22, 'Margaasih'),
(327, 9, 22, 'Margahayu'),
(328, 9, 22, 'Nagreg'),
(329, 9, 22, 'Pacet'),
(330, 9, 22, 'Pameungpeuk'),
(331, 9, 22, 'Pangalengan'),
(332, 9, 22, 'Paseh'),
(333, 9, 22, 'Pasirjambu'),
(334, 9, 22, 'Ranca Bali'),
(335, 9, 22, 'Rancaekek'),
(336, 9, 22, 'Solokan Jeruk'),
(337, 9, 22, 'Soreang'),
(338, 9, 23, 'Andir'),
(339, 9, 23, 'Antapani (Cicadas)'),
(340, 9, 23, 'Arcamanik'),
(341, 9, 23, 'Astana Anyar'),
(342, 9, 23, 'Babakan Ciparay'),
(343, 9, 23, 'Bandung Kidul'),
(344, 9, 23, 'Bandung Kulon'),
(345, 9, 23, 'Bandung Wetan'),
(346, 9, 23, 'Batununggal'),
(347, 9, 23, 'Bojongloa Kaler'),
(348, 9, 23, 'Bojongloa Kidul'),
(349, 9, 23, 'Buahbatu (Margacinta)'),
(350, 9, 23, 'Cibeunying Kaler'),
(351, 9, 23, 'Cibeunying Kidul'),
(352, 9, 23, 'Cibiru'),
(353, 9, 23, 'Cicendo'),
(354, 9, 23, 'Cidadap'),
(355, 9, 23, 'Cinambo'),
(356, 9, 23, 'Coblong'),
(357, 9, 23, 'Gedebage'),
(358, 9, 23, 'Kiaracondong'),
(359, 9, 23, 'Lengkong'),
(360, 9, 23, 'Mandalajati'),
(361, 9, 23, 'Panyileukan'),
(362, 9, 23, 'Rancasari'),
(363, 9, 23, 'Regol'),
(364, 9, 23, 'Sukajadi'),
(365, 9, 23, 'Sukasari'),
(366, 9, 23, 'Sumur Bandung'),
(367, 9, 23, 'Ujung Berung'),
(368, 9, 24, 'Batujajar'),
(369, 9, 24, 'Cihampelas'),
(370, 9, 24, 'Cikalong Wetan'),
(371, 9, 24, 'Cililin'),
(372, 9, 24, 'Cipatat'),
(373, 9, 24, 'Cipeundeuy'),
(374, 9, 24, 'Cipongkor'),
(375, 9, 24, 'Cisarua'),
(376, 9, 24, 'Gununghalu'),
(377, 9, 24, 'Lembang'),
(378, 9, 24, 'Ngamprah'),
(379, 9, 24, 'Padalarang'),
(380, 9, 24, 'Parongpong'),
(381, 9, 24, 'Rongga'),
(382, 9, 24, 'Saguling'),
(383, 9, 24, 'Sindangkerta'),
(384, 29, 25, 'Balantak'),
(385, 29, 25, 'Balantak Selatan'),
(386, 29, 25, 'Balantak Utara'),
(387, 29, 25, 'Batui'),
(388, 29, 25, 'Batui Selatan'),
(389, 29, 25, 'Bualemo (Boalemo)'),
(390, 29, 25, 'Bunta'),
(391, 29, 25, 'Kintom'),
(392, 29, 25, 'Lamala'),
(393, 29, 25, 'Lobu'),
(394, 29, 25, 'Luwuk'),
(395, 29, 25, 'Luwuk Selatan'),
(396, 29, 25, 'Luwuk Timur'),
(397, 29, 25, 'Luwuk Utara'),
(398, 29, 25, 'Mantoh'),
(399, 29, 25, 'Masama'),
(400, 29, 25, 'Moilong'),
(401, 29, 25, 'Nambo'),
(402, 29, 25, 'Nuhon'),
(403, 29, 25, 'Pagimana'),
(404, 29, 25, 'Simpang Raya'),
(405, 29, 25, 'Toili'),
(406, 29, 25, 'Toili Barat'),
(407, 29, 26, 'Banggai'),
(408, 29, 26, 'Banggai Selatan'),
(409, 29, 26, 'Banggai Tengah'),
(410, 29, 26, 'Banggai Utara'),
(411, 29, 26, 'Bangkurung'),
(412, 29, 26, 'Bokan Kepulauan'),
(413, 29, 26, 'Buko'),
(414, 29, 26, 'Buko Selatan'),
(415, 29, 26, 'Bulagi'),
(416, 29, 26, 'Bulagi Selatan'),
(417, 29, 26, 'Bulagi Utara'),
(418, 29, 26, 'Labobo (Lobangkurung)'),
(419, 29, 26, 'Liang'),
(420, 29, 26, 'Peling Tengah'),
(421, 29, 26, 'Tinangkung'),
(422, 29, 26, 'Tinangkung Selatan'),
(423, 29, 26, 'Tinangkung Utara'),
(424, 29, 26, 'Totikum (Totikung)'),
(425, 29, 26, 'Totikum Selatan'),
(426, 2, 27, 'Bakam'),
(427, 2, 27, 'Belinyu'),
(428, 2, 27, 'Mendo Barat'),
(429, 2, 27, 'Merawang'),
(430, 2, 27, 'Pemali'),
(431, 2, 27, 'Puding Besar'),
(432, 2, 27, 'Riau Silip'),
(433, 2, 27, 'Sungai Liat'),
(434, 2, 28, 'Jebus'),
(435, 2, 28, 'Kelapa'),
(436, 2, 28, 'Mentok (Muntok)'),
(437, 2, 28, 'Parittiga'),
(438, 2, 28, 'Simpang Teritip'),
(439, 2, 28, 'Tempilang'),
(440, 2, 29, 'Air Gegas'),
(441, 2, 29, 'Kepulauan Pongok'),
(442, 2, 29, 'Lepar Pongok'),
(443, 2, 29, 'Payung'),
(444, 2, 29, 'Pulau Besar'),
(445, 2, 29, 'Simpang Rimba'),
(446, 2, 29, 'Toboali'),
(447, 2, 29, 'Tukak Sadai'),
(448, 2, 30, 'Koba'),
(449, 2, 30, 'Lubuk Besar'),
(450, 2, 30, 'Namang'),
(451, 2, 30, 'Pangkalan Baru'),
(452, 2, 30, 'Simpang Katis'),
(453, 2, 30, 'Sungai Selan'),
(454, 11, 31, 'Arosbaya'),
(455, 11, 31, 'Bangkalan'),
(456, 11, 31, 'Blega'),
(457, 11, 31, 'Burneh'),
(458, 11, 31, 'Galis'),
(459, 11, 31, 'Geger'),
(460, 11, 31, 'Kamal'),
(461, 11, 31, 'Klampis'),
(462, 11, 31, 'Kokop'),
(463, 11, 31, 'Konang'),
(464, 11, 31, 'Kwanyar'),
(465, 11, 31, 'Labang'),
(466, 11, 31, 'Modung'),
(467, 11, 31, 'Sepulu'),
(468, 11, 31, 'Socah'),
(469, 11, 31, 'Tanah Merah'),
(470, 11, 31, 'Tanjungbumi'),
(471, 11, 31, 'Tragah'),
(472, 1, 32, 'Bangli'),
(473, 1, 32, 'Kintamani'),
(474, 1, 32, 'Susut'),
(475, 1, 32, 'Tembuku'),
(476, 13, 33, 'Aluh-Aluh'),
(477, 13, 33, 'Aranio'),
(478, 13, 33, 'Astambul'),
(479, 13, 33, 'Beruntung Baru'),
(480, 13, 33, 'Gambut'),
(481, 13, 33, 'Karang Intan'),
(482, 13, 33, 'Kertak Hanyar'),
(483, 13, 33, 'Martapura Barat'),
(484, 13, 33, 'Martapura Kota'),
(485, 13, 33, 'Martapura Timur'),
(486, 13, 33, 'Mataraman'),
(487, 13, 33, 'Pengaron'),
(488, 13, 33, 'Peramasan'),
(489, 13, 33, 'Sambung Makmur'),
(490, 13, 33, 'Sei/Sungai Pinang'),
(491, 13, 33, 'Sei/Sungai Tabuk'),
(492, 13, 33, 'Simpang Empat'),
(493, 13, 33, 'Tatah Makmur'),
(494, 13, 33, 'Telaga Bauntung'),
(495, 9, 34, 'Banjar'),
(496, 9, 34, 'Langensari'),
(497, 9, 34, 'Pataruman'),
(498, 9, 34, 'Purwaharja'),
(499, 13, 35, 'Banjar Baru Selatan'),
(500, 13, 35, 'Banjar Baru Utara'),
(501, 13, 35, 'Cempaka'),
(502, 13, 35, 'Landasan Ulin'),
(503, 13, 35, 'Liang Anggang'),
(504, 13, 36, 'Banjarmasin Barat'),
(505, 13, 36, 'Banjarmasin Selatan'),
(506, 13, 36, 'Banjarmasin Tengah'),
(507, 13, 36, 'Banjarmasin Timur'),
(508, 13, 36, 'Banjarmasin Utara'),
(509, 10, 37, 'Banjarmangu'),
(510, 10, 37, 'Banjarnegara'),
(511, 10, 37, 'Batur'),
(512, 10, 37, 'Bawang'),
(513, 10, 37, 'Kalibening'),
(514, 10, 37, 'Karangkobar'),
(515, 10, 37, 'Madukara'),
(516, 10, 37, 'Mandiraja'),
(517, 10, 37, 'Pagedongan'),
(518, 10, 37, 'Pagentan'),
(519, 10, 37, 'Pandanarum'),
(520, 10, 37, 'Pejawaran'),
(521, 10, 37, 'Punggelan'),
(522, 10, 37, 'Purwonegoro'),
(523, 10, 37, 'Purworejo Klampok'),
(524, 10, 37, 'Rakit'),
(525, 10, 37, 'Sigaluh'),
(526, 10, 37, 'Susukan'),
(527, 10, 37, 'Wanadadi (Wonodadi)'),
(528, 10, 37, 'Wanayasa'),
(529, 28, 38, 'Bantaeng'),
(530, 28, 38, 'Bissappu'),
(531, 28, 38, 'Eremerasa'),
(532, 28, 38, 'Gantarang Keke (Gantareng Keke)'),
(533, 28, 38, 'Pajukukang'),
(534, 28, 38, 'Sinoa'),
(535, 28, 38, 'Tompobulu'),
(536, 28, 38, 'Uluere'),
(537, 5, 39, 'Bambang Lipuro'),
(538, 5, 39, 'Banguntapan'),
(539, 5, 39, 'Bantul'),
(540, 5, 39, 'Dlingo'),
(541, 5, 39, 'Imogiri'),
(542, 5, 39, 'Jetis'),
(543, 5, 39, 'Kasihan'),
(544, 5, 39, 'Kretek'),
(545, 5, 39, 'Pajangan'),
(546, 5, 39, 'Pandak'),
(547, 5, 39, 'Piyungan'),
(548, 5, 39, 'Pleret'),
(549, 5, 39, 'Pundong'),
(550, 5, 39, 'Sanden'),
(551, 5, 39, 'Sedayu'),
(552, 5, 39, 'Sewon'),
(553, 5, 39, 'Srandakan'),
(554, 33, 40, 'Air Kumbang'),
(555, 33, 40, 'Air Salek'),
(556, 33, 40, 'Banyuasin I'),
(557, 33, 40, 'Banyuasin II'),
(558, 33, 40, 'Banyuasin III'),
(559, 33, 40, 'Betung'),
(560, 33, 40, 'Makarti Jaya'),
(561, 33, 40, 'Muara Padang'),
(562, 33, 40, 'Muara Sugihan'),
(563, 33, 40, 'Muara Telang'),
(564, 33, 40, 'Pulau Rimau'),
(565, 33, 40, 'Rambutan'),
(566, 33, 40, 'Rantau Bayur'),
(567, 33, 40, 'Sembawa'),
(568, 33, 40, 'Suak Tapeh'),
(569, 33, 40, 'Sumber Marga Telang'),
(570, 33, 40, 'Talang Kelapa'),
(571, 33, 40, 'Tanjung Lago'),
(572, 33, 40, 'Tungkal Ilir'),
(573, 10, 41, 'Ajibarang'),
(574, 10, 41, 'Banyumas'),
(575, 10, 41, 'Baturaden'),
(576, 10, 41, 'Cilongok'),
(577, 10, 41, 'Gumelar'),
(578, 10, 41, 'Jatilawang'),
(579, 10, 41, 'Kalibagor'),
(580, 10, 41, 'Karanglewas'),
(581, 10, 41, 'Kebasen'),
(582, 10, 41, 'Kedung Banteng'),
(583, 10, 41, 'Kembaran'),
(584, 10, 41, 'Kemranjen'),
(585, 10, 41, 'Lumbir'),
(586, 10, 41, 'Patikraja'),
(587, 10, 41, 'Pekuncen'),
(588, 10, 41, 'Purwojati'),
(589, 10, 41, 'Purwokerto Barat'),
(590, 10, 41, 'Purwokerto Selatan'),
(591, 10, 41, 'Purwokerto Timur'),
(592, 10, 41, 'Purwokerto Utara'),
(593, 10, 41, 'Rawalo'),
(594, 10, 41, 'Sokaraja'),
(595, 10, 41, 'Somagede'),
(596, 10, 41, 'Sumbang'),
(597, 10, 41, 'Sumpiuh'),
(598, 10, 41, 'Tambak'),
(599, 10, 41, 'Wangon'),
(600, 11, 42, 'Bangorejo'),
(601, 11, 42, 'Banyuwangi'),
(602, 11, 42, 'Cluring'),
(603, 11, 42, 'Gambiran'),
(604, 11, 42, 'Genteng'),
(605, 11, 42, 'Giri'),
(606, 11, 42, 'Glagah'),
(607, 11, 42, 'Glenmore'),
(608, 11, 42, 'Kabat'),
(609, 11, 42, 'Kalibaru'),
(610, 11, 42, 'Kalipuro'),
(611, 11, 42, 'Licin'),
(612, 11, 42, 'Muncar'),
(613, 11, 42, 'Pesanggaran'),
(614, 11, 42, 'Purwoharjo'),
(615, 11, 42, 'Rogojampi'),
(616, 11, 42, 'Sempu'),
(617, 11, 42, 'Siliragung'),
(618, 11, 42, 'Singojuruh'),
(619, 11, 42, 'Songgon'),
(620, 11, 42, 'Srono'),
(621, 11, 42, 'Tegaldlimo'),
(622, 11, 42, 'Tegalsari'),
(623, 11, 42, 'Wongsorejo'),
(624, 13, 43, 'Alalak'),
(625, 13, 43, 'Anjir Muara'),
(626, 13, 43, 'Anjir Pasar'),
(627, 13, 43, 'Bakumpai'),
(628, 13, 43, 'Barambai'),
(629, 13, 43, 'Belawang'),
(630, 13, 43, 'Cerbon'),
(631, 13, 43, 'Jejangkit'),
(632, 13, 43, 'Kuripan'),
(633, 13, 43, 'Mandastana'),
(634, 13, 43, 'Marabahan'),
(635, 13, 43, 'Mekar Sari'),
(636, 13, 43, 'Rantau Badauh'),
(637, 13, 43, 'Tabukan'),
(638, 13, 43, 'Tabunganen'),
(639, 13, 43, 'Tamban'),
(640, 13, 43, 'Wanaraya'),
(641, 14, 44, 'Dusun Hilir'),
(642, 14, 44, 'Dusun Selatan'),
(643, 14, 44, 'Dusun Utara'),
(644, 14, 44, 'Gunung Bintang Awai'),
(645, 14, 44, 'Jenamas'),
(646, 14, 44, 'Karau Kuala'),
(647, 14, 45, 'Awang'),
(648, 14, 45, 'Benua Lima'),
(649, 14, 45, 'Dusun Tengah'),
(650, 14, 45, 'Dusun Timur'),
(651, 14, 45, 'Karusen Janang'),
(652, 14, 45, 'Paju Epat'),
(653, 14, 45, 'Paku'),
(654, 14, 45, 'Patangkep Tutui'),
(655, 14, 45, 'Pematang Karau'),
(656, 14, 45, 'Raren Batuah'),
(657, 14, 46, 'Gunung Purei'),
(658, 14, 46, 'Gunung Timang'),
(659, 14, 46, 'Lahei'),
(660, 14, 46, 'Lahei Barat'),
(661, 14, 46, 'Montallat (Montalat)'),
(662, 14, 46, 'Teweh Baru'),
(663, 14, 46, 'Teweh Selatan'),
(664, 14, 46, 'Teweh Tengah'),
(665, 14, 46, 'Teweh Timur'),
(666, 28, 47, 'Balusu'),
(667, 28, 47, 'Barru'),
(668, 28, 47, 'Mallusetasi'),
(669, 28, 47, 'Pujananting'),
(670, 28, 47, 'Soppeng Riaja'),
(671, 28, 47, 'Tanete Riaja'),
(672, 28, 47, 'Tanete Rilau'),
(673, 17, 48, 'Batam Kota'),
(674, 17, 48, 'Batu Aji'),
(675, 17, 48, 'Batu Ampar'),
(676, 17, 48, 'Belakang Padang'),
(677, 17, 48, 'Bengkong'),
(678, 17, 48, 'Bulang'),
(679, 17, 48, 'Galang'),
(680, 17, 48, 'Lubuk Baja'),
(681, 17, 48, 'Nongsa'),
(682, 17, 48, 'Sagulung'),
(683, 17, 48, 'Sei/Sungai Beduk'),
(684, 17, 48, 'Sekupang'),
(685, 10, 49, 'Bandar'),
(686, 10, 49, 'Banyuputih'),
(687, 10, 49, 'Batang'),
(688, 10, 49, 'Bawang'),
(689, 10, 49, 'Blado'),
(690, 10, 49, 'Gringsing'),
(691, 10, 49, 'Kandeman'),
(692, 10, 49, 'Limpung'),
(693, 10, 49, 'Pecalungan'),
(694, 10, 49, 'Reban'),
(695, 10, 49, 'Subah'),
(696, 10, 49, 'Tersono'),
(697, 10, 49, 'Tulis'),
(698, 10, 49, 'Warungasem'),
(699, 10, 49, 'Wonotunggal'),
(700, 8, 50, 'Bajubang'),
(701, 8, 50, 'Batin XXIV'),
(702, 8, 50, 'Maro Sebo Ilir'),
(703, 8, 50, 'Maro Sebo Ulu'),
(704, 8, 50, 'Mersam'),
(705, 8, 50, 'Muara Bulian'),
(706, 8, 50, 'Muara Tembesi'),
(707, 8, 50, 'Pemayung'),
(708, 11, 51, 'Batu'),
(709, 11, 51, 'Bumiaji'),
(710, 11, 51, 'Junrejo'),
(711, 34, 52, 'Air Putih'),
(712, 34, 52, 'Limapuluh'),
(713, 34, 52, 'Medang Deras'),
(714, 34, 52, 'Sei Balai'),
(715, 34, 52, 'Sei Suka'),
(716, 34, 52, 'Talawi'),
(717, 34, 52, 'Tanjung Tiram'),
(718, 30, 53, 'Batupoaro'),
(719, 30, 53, 'Betoambari'),
(720, 30, 53, 'Bungi'),
(721, 30, 53, 'Kokalukuna'),
(722, 30, 53, 'Lea-Lea'),
(723, 30, 53, 'Murhum'),
(724, 30, 53, 'Sora Walio (Sorowalio)'),
(725, 30, 53, 'Wolio'),
(726, 9, 54, 'Babelan'),
(727, 9, 54, 'Bojongmangu'),
(728, 9, 54, 'Cabangbungin'),
(729, 9, 54, 'Cibarusah'),
(730, 9, 54, 'Cibitung'),
(731, 9, 54, 'Cikarang Barat'),
(732, 9, 54, 'Cikarang Pusat'),
(733, 9, 54, 'Cikarang Selatan'),
(734, 9, 54, 'Cikarang Timur'),
(735, 9, 54, 'Cikarang Utara'),
(736, 9, 54, 'Karangbahagia'),
(737, 9, 54, 'Kedung Waringin'),
(738, 9, 54, 'Muara Gembong'),
(739, 9, 54, 'Pebayuran'),
(740, 9, 54, 'Serang Baru'),
(741, 9, 54, 'Setu'),
(742, 9, 54, 'Sukakarya'),
(743, 9, 54, 'Sukatani'),
(744, 9, 54, 'Sukawangi'),
(745, 9, 54, 'Tambelang'),
(746, 9, 54, 'Tambun Selatan'),
(747, 9, 54, 'Tambun Utara'),
(748, 9, 54, 'Tarumajaya'),
(749, 9, 55, 'Bantar Gebang'),
(750, 9, 55, 'Bekasi Barat'),
(751, 9, 55, 'Bekasi Selatan'),
(752, 9, 55, 'Bekasi Timur'),
(753, 9, 55, 'Bekasi Utara'),
(754, 9, 55, 'Jati Sampurna'),
(755, 9, 55, 'Jatiasih'),
(756, 9, 55, 'Medan Satria'),
(757, 9, 55, 'Mustika Jaya'),
(758, 9, 55, 'Pondok Gede'),
(759, 9, 55, 'Pondok Melati'),
(760, 9, 55, 'Rawalumbu'),
(761, 2, 56, 'Badau'),
(762, 2, 56, 'Membalong'),
(763, 2, 56, 'Selat Nasik'),
(764, 2, 56, 'Sijuk'),
(765, 2, 56, 'Tanjung Pandan'),
(766, 2, 57, 'Damar'),
(767, 2, 57, 'Dendang'),
(768, 2, 57, 'Gantung'),
(769, 2, 57, 'Kelapa Kampit'),
(770, 2, 57, 'Manggar'),
(771, 2, 57, 'Simpang Pesak'),
(772, 2, 57, 'Simpang Renggiang'),
(773, 23, 58, 'Atambua Barat'),
(774, 23, 58, 'Atambua Kota'),
(775, 23, 58, 'Atambua Selatan'),
(776, 23, 58, 'Botin Leo Bele'),
(777, 23, 58, 'Io Kufeu'),
(778, 23, 58, 'Kakuluk Mesak'),
(779, 23, 58, 'Kobalima'),
(780, 23, 58, 'Kobalima Timur'),
(781, 23, 58, 'Laen Manen'),
(782, 23, 58, 'Lamaknen'),
(783, 23, 58, 'Lamaknen Selatan'),
(784, 23, 58, 'Lasiolat'),
(785, 23, 58, 'Malaka Barat'),
(786, 23, 58, 'Malaka Tengah'),
(787, 23, 58, 'Malaka Timur'),
(788, 23, 58, 'Nanaet Duabesi'),
(789, 23, 58, 'Raihat'),
(790, 23, 58, 'Raimanuk'),
(791, 23, 58, 'Rinhat'),
(792, 23, 58, 'Sasitamean'),
(793, 23, 58, 'Tasifeto Barat'),
(794, 23, 58, 'Tasifeto Timur'),
(795, 23, 58, 'Weliman'),
(796, 23, 58, 'Wewiku'),
(797, 21, 59, 'Bandar'),
(798, 21, 59, 'Bener Kelipah'),
(799, 21, 59, 'Bukit'),
(800, 21, 59, 'Gajah Putih'),
(801, 21, 59, 'Mesidah'),
(802, 21, 59, 'Permata'),
(803, 21, 59, 'Pintu Rime Gayo'),
(804, 21, 59, 'Syiah Utama'),
(805, 21, 59, 'Timang Gajah'),
(806, 21, 59, 'Wih Pesam'),
(807, 26, 60, 'Bantan'),
(808, 26, 60, 'Bengkalis'),
(809, 26, 60, 'Bukit Batu'),
(810, 26, 60, 'Mandau'),
(811, 26, 60, 'Pinggir'),
(812, 26, 60, 'Rupat'),
(813, 26, 60, 'Rupat Utara'),
(814, 26, 60, 'Siak Kecil'),
(815, 12, 61, 'Bengkayang'),
(816, 12, 61, 'Capkala'),
(817, 12, 61, 'Jagoi Babang'),
(818, 12, 61, 'Ledo'),
(819, 12, 61, 'Lembah Bawang'),
(820, 12, 61, 'Lumar'),
(821, 12, 61, 'Monterado'),
(822, 12, 61, 'Samalantan'),
(823, 12, 61, 'Sanggau Ledo'),
(824, 12, 61, 'Seluas'),
(825, 12, 61, 'Siding'),
(826, 12, 61, 'Sungai Betung'),
(827, 12, 61, 'Sungai Raya'),
(828, 12, 61, 'Sungai Raya Kepulauan'),
(829, 12, 61, 'Suti Semarang'),
(830, 12, 61, 'Teriak'),
(831, 12, 61, 'Tujuh Belas'),
(832, 4, 62, 'Gading Cempaka'),
(833, 4, 62, 'Kampung Melayu'),
(834, 4, 62, 'Muara Bangka Hulu'),
(835, 4, 62, 'Ratu Agung'),
(836, 4, 62, 'Ratu Samban'),
(837, 4, 62, 'Selebar'),
(838, 4, 62, 'Singaran Pati'),
(839, 4, 62, 'Sungai Serut'),
(840, 4, 62, 'Teluk Segara'),
(841, 4, 63, 'Air Nipis'),
(842, 4, 63, 'Bunga Mas'),
(843, 4, 63, 'Kedurang'),
(844, 4, 63, 'Kedurang Ilir'),
(845, 4, 63, 'Kota Manna'),
(846, 4, 63, 'Manna'),
(847, 4, 63, 'Pasar Manna'),
(848, 4, 63, 'Pino'),
(849, 4, 63, 'Pinoraya'),
(850, 4, 63, 'Seginim'),
(851, 4, 63, 'Ulu Manna'),
(852, 4, 64, 'Bang Haji'),
(853, 4, 64, 'Karang Tinggi'),
(854, 4, 64, 'Merigi Kelindang'),
(855, 4, 64, 'Merigi Sakti'),
(856, 4, 64, 'Pagar Jati'),
(857, 4, 64, 'Pematang Tiga'),
(858, 4, 64, 'Pondok Kelapa'),
(859, 4, 64, 'Pondok Kubang'),
(860, 4, 64, 'Taba Penanjung'),
(861, 4, 64, 'Talang Empat'),
(862, 4, 65, 'Air Besi'),
(863, 4, 65, 'Air Napal'),
(864, 4, 65, 'Air Padang'),
(865, 4, 65, 'Arga Makmur'),
(866, 4, 65, 'Arma Jaya'),
(867, 4, 65, 'Batik Nau'),
(868, 4, 65, 'Enggano'),
(869, 4, 65, 'Giri Mulia'),
(870, 4, 65, 'Hulu Palik'),
(871, 4, 65, 'Kerkap'),
(872, 4, 65, 'Ketahun'),
(873, 4, 65, 'Lais'),
(874, 4, 65, 'Napal Putih'),
(875, 4, 65, 'Padang Jaya'),
(876, 4, 65, 'Putri Hijau'),
(877, 4, 65, 'Tanjung Agung Palik'),
(878, 4, 65, 'Ulok Kupai'),
(879, 15, 66, 'Batu Putih'),
(880, 15, 66, 'Biatan'),
(881, 15, 66, 'Biduk-Biduk'),
(882, 15, 66, 'Derawan (Pulau Derawan)'),
(883, 15, 66, 'Gunung Tabur'),
(884, 15, 66, 'Kelay'),
(885, 15, 66, 'Maratua'),
(886, 15, 66, 'Sambaliung'),
(887, 15, 66, 'Segah'),
(888, 15, 66, 'Tabalar'),
(889, 15, 66, 'Talisayan'),
(890, 15, 66, 'Tanjung Redeb'),
(891, 15, 66, 'Teluk Bayur'),
(892, 24, 67, 'Aimando Padaido'),
(893, 24, 67, 'Andey (Andei)'),
(894, 24, 67, 'Biak Barat'),
(895, 24, 67, 'Biak Kota'),
(896, 24, 67, 'Biak Timur'),
(897, 24, 67, 'Biak Utara'),
(898, 24, 67, 'Bondifuar'),
(899, 24, 67, 'Bruyadori'),
(900, 24, 67, 'Numfor Barat'),
(901, 24, 67, 'Numfor Timur'),
(902, 24, 67, 'Oridek'),
(903, 24, 67, 'Orkeri'),
(904, 24, 67, 'Padaido'),
(905, 24, 67, 'Poiru'),
(906, 24, 67, 'Samofa'),
(907, 24, 67, 'Swandiwe'),
(908, 24, 67, 'Warsa'),
(909, 24, 67, 'Yawosi'),
(910, 24, 67, 'Yendidori'),
(911, 22, 68, 'Ambalawi'),
(912, 22, 68, 'Belo'),
(913, 22, 68, 'Bolo'),
(914, 22, 68, 'Donggo'),
(915, 22, 68, 'Lambitu'),
(916, 22, 68, 'Lambu'),
(917, 22, 68, 'Langgudu'),
(918, 22, 68, 'Madapangga'),
(919, 22, 68, 'Monta'),
(920, 22, 68, 'Palibelo'),
(921, 22, 68, 'Parado'),
(922, 22, 68, 'Sanggar'),
(923, 22, 68, 'Sape'),
(924, 22, 68, 'Soromandi'),
(925, 22, 68, 'Tambora'),
(926, 22, 68, 'Wawo'),
(927, 22, 68, 'Wera'),
(928, 22, 68, 'Woha'),
(929, 22, 69, 'Asakota'),
(930, 22, 69, 'Mpunda'),
(931, 22, 69, 'Raba'),
(932, 22, 69, 'Rasanae Barat'),
(933, 22, 69, 'Rasanae Timur'),
(934, 34, 70, 'Binjai Barat'),
(935, 34, 70, 'Binjai Kota'),
(936, 34, 70, 'Binjai Selatan'),
(937, 34, 70, 'Binjai Timur'),
(938, 34, 70, 'Binjai Utara'),
(939, 17, 71, 'Bintan Pesisir'),
(940, 17, 71, 'Bintan Timur'),
(941, 17, 71, 'Bintan Utara'),
(942, 17, 71, 'Gunung Kijang'),
(943, 17, 71, 'Mantang'),
(944, 17, 71, 'Seri/Sri Kuala Lobam'),
(945, 17, 71, 'Tambelan'),
(946, 17, 71, 'Teluk Bintan'),
(947, 17, 71, 'Teluk Sebong'),
(948, 17, 71, 'Toapaya'),
(949, 21, 72, 'Ganda Pura'),
(950, 21, 72, 'Jangka'),
(951, 21, 72, 'Jeumpa'),
(952, 21, 72, 'Jeunieb'),
(953, 21, 72, 'Juli'),
(954, 21, 72, 'Kota Juang'),
(955, 21, 72, 'Kuala'),
(956, 21, 72, 'Kuta Blang'),
(957, 21, 72, 'Makmur'),
(958, 21, 72, 'Pandrah'),
(959, 21, 72, 'Peudada'),
(960, 21, 72, 'Peulimbang (Plimbang)'),
(961, 21, 72, 'Peusangan'),
(962, 21, 72, 'Peusangan Selatan'),
(963, 21, 72, 'Peusangan Siblah Krueng'),
(964, 21, 72, 'Samalanga'),
(965, 21, 72, 'Simpang Mamplam'),
(966, 31, 73, 'Aertembaga (Bitung Timur)'),
(967, 31, 73, 'Girian'),
(968, 31, 73, 'Lembeh Selatan (Bitung Selatan)'),
(969, 31, 73, 'Lembeh Utara'),
(970, 31, 73, 'Madidir (Bitung Tengah)'),
(971, 31, 73, 'Maesa'),
(972, 31, 73, 'Matuari (Bitung Barat)'),
(973, 31, 73, 'Ranowulu (Bitung Utara)'),
(974, 11, 74, 'Bakung'),
(975, 11, 74, 'Binangun'),
(976, 11, 74, 'Doko'),
(977, 11, 74, 'Gandusari'),
(978, 11, 74, 'Garum'),
(979, 11, 74, 'Kademangan'),
(980, 11, 74, 'Kanigoro'),
(981, 11, 74, 'Kesamben'),
(982, 11, 74, 'Nglegok'),
(983, 11, 74, 'Panggungrejo'),
(984, 11, 74, 'Ponggok'),
(985, 11, 74, 'Sanan Kulon'),
(986, 11, 74, 'Selopuro'),
(987, 11, 74, 'Selorejo'),
(988, 11, 74, 'Srengat'),
(989, 11, 74, 'Sutojayan'),
(990, 11, 74, 'Talun'),
(991, 11, 74, 'Udanawu'),
(992, 11, 74, 'Wates'),
(993, 11, 74, 'Wlingi'),
(994, 11, 74, 'Wonodadi'),
(995, 11, 74, 'Wonotirto'),
(996, 11, 75, 'Kepanjen Kidul'),
(997, 11, 75, 'Sanan Wetan'),
(998, 11, 75, 'Sukorejo'),
(999, 10, 76, 'Banjarejo'),
(1000, 10, 76, 'Blora kota'),
(1001, 10, 76, 'Bogorejo'),
(1002, 10, 76, 'Cepu'),
(1003, 10, 76, 'Japah'),
(1004, 10, 76, 'Jati'),
(1005, 10, 76, 'Jepon'),
(1006, 10, 76, 'Jiken'),
(1007, 10, 76, 'Kedungtuban'),
(1008, 10, 76, 'Kradenan'),
(1009, 10, 76, 'Kunduran'),
(1010, 10, 76, 'Ngawen'),
(1011, 10, 76, 'Randublatung'),
(1012, 10, 76, 'Sambong'),
(1013, 10, 76, 'Todanan'),
(1014, 10, 76, 'Tunjungan'),
(1015, 7, 77, 'Botumoita (Botumoito)'),
(1016, 7, 77, 'Dulupi'),
(1017, 7, 77, 'Mananggu'),
(1018, 7, 77, 'Paguyaman'),
(1019, 7, 77, 'Paguyaman Pantai'),
(1020, 7, 77, 'Tilamuta'),
(1021, 7, 77, 'Wonosari'),
(1022, 9, 78, 'Babakan Madang'),
(1023, 9, 78, 'Bojonggede'),
(1024, 9, 78, 'Caringin'),
(1025, 9, 78, 'Cariu'),
(1026, 9, 78, 'Ciampea'),
(1027, 9, 78, 'Ciawi'),
(1028, 9, 78, 'Cibinong'),
(1029, 9, 78, 'Cibungbulang'),
(1030, 9, 78, 'Cigombong'),
(1031, 9, 78, 'Cigudeg'),
(1032, 9, 78, 'Cijeruk'),
(1033, 9, 78, 'Cileungsi'),
(1034, 9, 78, 'Ciomas'),
(1035, 9, 78, 'Cisarua'),
(1036, 9, 78, 'Ciseeng'),
(1037, 9, 78, 'Citeureup'),
(1038, 9, 78, 'Dramaga'),
(1039, 9, 78, 'Gunung Putri'),
(1040, 9, 78, 'Gunung Sindur'),
(1041, 9, 78, 'Jasinga'),
(1042, 9, 78, 'Jonggol'),
(1043, 9, 78, 'Kemang'),
(1044, 9, 78, 'Klapa Nunggal (Kelapa Nunggal)'),
(1045, 9, 78, 'Leuwiliang'),
(1046, 9, 78, 'Leuwisadeng'),
(1047, 9, 78, 'Megamendung'),
(1048, 9, 78, 'Nanggung'),
(1049, 9, 78, 'Pamijahan'),
(1050, 9, 78, 'Parung'),
(1051, 9, 78, 'Parung Panjang'),
(1052, 9, 78, 'Ranca Bungur'),
(1053, 9, 78, 'Rumpin'),
(1054, 9, 78, 'Sukajaya'),
(1055, 9, 78, 'Sukamakmur'),
(1056, 9, 78, 'Sukaraja'),
(1057, 9, 78, 'Tajurhalang'),
(1058, 9, 78, 'Tamansari'),
(1059, 9, 78, 'Tanjungsari'),
(1060, 9, 78, 'Tenjo'),
(1061, 9, 78, 'Tenjolaya'),
(1062, 9, 79, 'Bogor Barat - Kota'),
(1063, 9, 79, 'Bogor Selatan - Kota'),
(1064, 9, 79, 'Bogor Tengah - Kota'),
(1065, 9, 79, 'Bogor Timur - Kota'),
(1066, 9, 79, 'Bogor Utara - Kota'),
(1067, 9, 79, 'Tanah Sereal'),
(1068, 11, 80, 'Balen'),
(1069, 11, 80, 'Baureno'),
(1070, 11, 80, 'Bojonegoro'),
(1071, 11, 80, 'Bubulan'),
(1072, 11, 80, 'Dander'),
(1073, 11, 80, 'Gayam'),
(1074, 11, 80, 'Gondang'),
(1075, 11, 80, 'Kalitidu'),
(1076, 11, 80, 'Kanor'),
(1077, 11, 80, 'Kapas'),
(1078, 11, 80, 'Kasiman'),
(1079, 11, 80, 'Kedewan'),
(1080, 11, 80, 'Kedungadem'),
(1081, 11, 80, 'Kepoh Baru'),
(1082, 11, 80, 'Malo'),
(1083, 11, 80, 'Margomulyo'),
(1084, 11, 80, 'Ngambon'),
(1085, 11, 80, 'Ngasem'),
(1086, 11, 80, 'Ngraho'),
(1087, 11, 80, 'Padangan'),
(1088, 11, 80, 'Purwosari'),
(1089, 11, 80, 'Sekar'),
(1090, 11, 80, 'Sugihwaras'),
(1091, 11, 80, 'Sukosewu'),
(1092, 11, 80, 'Sumberrejo'),
(1093, 11, 80, 'Tambakrejo'),
(1094, 11, 80, 'Temayang'),
(1095, 11, 80, 'Trucuk'),
(1096, 31, 81, 'Bilalang'),
(1097, 31, 81, 'Bolaang'),
(1098, 31, 81, 'Bolaang Timur'),
(1099, 31, 81, 'Dumoga'),
(1100, 31, 81, 'Dumoga Barat'),
(1101, 31, 81, 'Dumoga Tengah'),
(1102, 31, 81, 'Dumoga Tenggara'),
(1103, 31, 81, 'Dumoga Timur'),
(1104, 31, 81, 'Dumoga Utara'),
(1105, 31, 81, 'Lolak'),
(1106, 31, 81, 'Lolayan'),
(1107, 31, 81, 'Passi Barat'),
(1108, 31, 81, 'Passi Timur'),
(1109, 31, 81, 'Poigar'),
(1110, 31, 81, 'Sangtombolang'),
(1111, 31, 82, 'Bolaang Uki'),
(1112, 31, 82, 'Pinolosian'),
(1113, 31, 82, 'Pinolosian Tengah'),
(1114, 31, 82, 'Pinolosian Timur'),
(1115, 31, 82, 'Posigadan'),
(1116, 31, 83, 'Kotabunan'),
(1117, 31, 83, 'Modayag'),
(1118, 31, 83, 'Modayag Barat'),
(1119, 31, 83, 'Nuangan'),
(1120, 31, 83, 'Tutuyan'),
(1121, 31, 84, 'Bintauna'),
(1122, 31, 84, 'Bolang Itang Barat'),
(1123, 31, 84, 'Bolang Itang Timur'),
(1124, 31, 84, 'Kaidipang'),
(1125, 31, 84, 'Pinogaluman'),
(1126, 31, 84, 'Sangkub'),
(1127, 30, 85, 'Kabaena'),
(1128, 30, 85, 'Kabaena Barat'),
(1129, 30, 85, 'Kabaena Selatan'),
(1130, 30, 85, 'Kabaena Tengah'),
(1131, 30, 85, 'Kabaena Timur'),
(1132, 30, 85, 'Kabaena Utara'),
(1133, 30, 85, 'Kepulauan Masaloka Raya'),
(1134, 30, 85, 'Lentarai Jaya S. (Lantari Jaya)'),
(1135, 30, 85, 'Mata Oleo'),
(1136, 30, 85, 'Mata Usu'),
(1137, 30, 85, 'Poleang'),
(1138, 30, 85, 'Poleang Barat'),
(1139, 30, 85, 'Poleang Selatan'),
(1140, 30, 85, 'Poleang Tengah'),
(1141, 30, 85, 'Poleang Tenggara'),
(1142, 30, 85, 'Poleang Timur'),
(1143, 30, 85, 'Poleang Utara'),
(1144, 30, 85, 'Rarowatu'),
(1145, 30, 85, 'Rarowatu Utara'),
(1146, 30, 85, 'Rumbia'),
(1147, 30, 85, 'Rumbia Tengah'),
(1148, 30, 85, 'Tontonunu (Tontonuwu)'),
(1149, 11, 86, 'Binakal'),
(1150, 11, 86, 'Bondowoso'),
(1151, 11, 86, 'Botolinggo'),
(1152, 11, 86, 'Cermee'),
(1153, 11, 86, 'Curahdami'),
(1154, 11, 86, 'Grujugan'),
(1155, 11, 86, 'Jambe Sari Darus Sholah'),
(1156, 11, 86, 'Klabang'),
(1157, 11, 86, 'Maesan'),
(1158, 11, 86, 'Pakem'),
(1159, 11, 86, 'Prajekan'),
(1160, 11, 86, 'Pujer'),
(1161, 11, 86, 'Sempol'),
(1162, 11, 86, 'Sukosari'),
(1163, 11, 86, 'Sumber Wringin'),
(1164, 11, 86, 'Taman Krocok'),
(1165, 11, 86, 'Tamanan'),
(1166, 11, 86, 'Tapen'),
(1167, 11, 86, 'Tegalampel'),
(1168, 11, 86, 'Tenggarang'),
(1169, 11, 86, 'Tlogosari'),
(1170, 11, 86, 'Wonosari'),
(1171, 11, 86, 'Wringin'),
(1172, 28, 87, 'Ajangale'),
(1173, 28, 87, 'Amali'),
(1174, 28, 87, 'Awangpone'),
(1175, 28, 87, 'Barebbo'),
(1176, 28, 87, 'Bengo'),
(1177, 28, 87, 'Bontocani'),
(1178, 28, 87, 'Cenrana'),
(1179, 28, 87, 'Cina'),
(1180, 28, 87, 'Dua Boccoe'),
(1181, 28, 87, 'Kahu'),
(1182, 28, 87, 'Kajuara'),
(1183, 28, 87, 'Lamuru'),
(1184, 28, 87, 'Lappariaja'),
(1185, 28, 87, 'Libureng'),
(1186, 28, 87, 'Mare'),
(1187, 28, 87, 'Palakka'),
(1188, 28, 87, 'Patimpeng'),
(1189, 28, 87, 'Ponre'),
(1190, 28, 87, 'Salomekko'),
(1191, 28, 87, 'Sibulue'),
(1192, 28, 87, 'Tanete Riattang'),
(1193, 28, 87, 'Tanete Riattang Barat'),
(1194, 28, 87, 'Tanete Riattang Timur'),
(1195, 28, 87, 'Tellu Limpoe'),
(1196, 28, 87, 'Tellu Siattinge'),
(1197, 28, 87, 'Tonra'),
(1198, 28, 87, 'Ulaweng'),
(1199, 7, 88, 'Bone'),
(1200, 7, 88, 'Bone Raya'),
(1201, 7, 88, 'Bonepantai'),
(1202, 7, 88, 'Botu Pingge'),
(1203, 7, 88, 'Bulango Selatan'),
(1204, 7, 88, 'Bulango Timur'),
(1205, 7, 88, 'Bulango Ulu'),
(1206, 7, 88, 'Bulango Utara'),
(1207, 7, 88, 'Bulawa'),
(1208, 7, 88, 'Kabila'),
(1209, 7, 88, 'Kabila Bone'),
(1210, 7, 88, 'Pinogu'),
(1211, 7, 88, 'Suwawa'),
(1212, 7, 88, 'Suwawa Selatan'),
(1213, 7, 88, 'Suwawa Tengah'),
(1214, 7, 88, 'Suwawa Timur'),
(1215, 7, 88, 'Tapa'),
(1216, 7, 88, 'Tilongkabila'),
(1217, 15, 89, 'Bontang Barat'),
(1218, 15, 89, 'Bontang Selatan'),
(1219, 15, 89, 'Bontang Utara'),
(1220, 24, 90, 'Ambatkwi (Ambatkui)'),
(1221, 24, 90, 'Arimop'),
(1222, 24, 90, 'Bomakia'),
(1223, 24, 90, 'Firiwage'),
(1224, 24, 90, 'Fofi'),
(1225, 24, 90, 'Iniyandit'),
(1226, 24, 90, 'Jair'),
(1227, 24, 90, 'Kawagit'),
(1228, 24, 90, 'Ki'),
(1229, 24, 90, 'Kombay'),
(1230, 24, 90, 'Kombut'),
(1231, 24, 90, 'Kouh'),
(1232, 24, 90, 'Mandobo'),
(1233, 24, 90, 'Manggelum'),
(1234, 24, 90, 'Mindiptana'),
(1235, 24, 90, 'Ninati'),
(1236, 24, 90, 'Sesnuk'),
(1237, 24, 90, 'Subur'),
(1238, 24, 90, 'Waropko'),
(1239, 24, 90, 'Yaniruma'),
(1240, 10, 91, 'Ampel'),
(1241, 10, 91, 'Andong'),
(1242, 10, 91, 'Banyudono'),
(1243, 10, 91, 'Boyolali'),
(1244, 10, 91, 'Cepogo'),
(1245, 10, 91, 'Juwangi'),
(1246, 10, 91, 'Karanggede'),
(1247, 10, 91, 'Kemusu'),
(1248, 10, 91, 'Klego'),
(1249, 10, 91, 'Mojosongo'),
(1250, 10, 91, 'Musuk'),
(1251, 10, 91, 'Ngemplak'),
(1252, 10, 91, 'Nogosari'),
(1253, 10, 91, 'Sambi'),
(1254, 10, 91, 'Sawit'),
(1255, 10, 91, 'Selo'),
(1256, 10, 91, 'Simo'),
(1257, 10, 91, 'Teras'),
(1258, 10, 91, 'Wonosegoro'),
(1259, 10, 92, 'Banjarharjo'),
(1260, 10, 92, 'Bantarkawung'),
(1261, 10, 92, 'Brebes'),
(1262, 10, 92, 'Bulakamba'),
(1263, 10, 92, 'Bumiayu'),
(1264, 10, 92, 'Jatibarang'),
(1265, 10, 92, 'Kersana'),
(1266, 10, 92, 'Ketanggungan'),
(1267, 10, 92, 'Larangan'),
(1268, 10, 92, 'Losari'),
(1269, 10, 92, 'Paguyangan'),
(1270, 10, 92, 'Salem'),
(1271, 10, 92, 'Sirampog'),
(1272, 10, 92, 'Songgom'),
(1273, 10, 92, 'Tanjung'),
(1274, 10, 92, 'Tonjong'),
(1275, 10, 92, 'Wanasari'),
(1276, 32, 93, 'Aur Birugo Tigo Baleh'),
(1277, 32, 93, 'Guguk Panjang (Guguak Panjang)'),
(1278, 32, 93, 'Mandiangin Koto Selayan'),
(1279, 1, 94, 'Banjar'),
(1280, 1, 94, 'Buleleng'),
(1281, 1, 94, 'Busungbiu'),
(1282, 1, 94, 'Gerokgak'),
(1283, 1, 94, 'Kubutambahan'),
(1284, 1, 94, 'Sawan'),
(1285, 1, 94, 'Seririt'),
(1286, 1, 94, 'Sukasada'),
(1287, 1, 94, 'Tejakula'),
(1288, 28, 95, 'Bonto Bahari'),
(1289, 28, 95, 'Bontotiro'),
(1290, 28, 95, 'Bulukumba (Bulukumpa)'),
(1291, 28, 95, 'Gantorang/Gantarang (Gangking)'),
(1292, 28, 95, 'Hero Lange-Lange (Herlang)'),
(1293, 28, 95, 'Kajang'),
(1294, 28, 95, 'Kindang'),
(1295, 28, 95, 'Rilau Ale'),
(1296, 28, 95, 'Ujung Bulu'),
(1297, 28, 95, 'Ujung Loe'),
(1298, 16, 96, 'Peso'),
(1299, 16, 96, 'Peso Hilir/Ilir'),
(1300, 16, 96, 'Pulau Bunyu'),
(1301, 16, 96, 'Sekatak'),
(1302, 16, 96, 'Tanjung Palas'),
(1303, 16, 96, 'Tanjung Palas Barat'),
(1304, 16, 96, 'Tanjung Palas Tengah'),
(1305, 16, 96, 'Tanjung Palas Timur'),
(1306, 16, 96, 'Tanjung Palas Utara'),
(1307, 16, 96, 'Tanjung Selor'),
(1308, 8, 97, 'Bathin II Babeko'),
(1309, 8, 97, 'Bathin II Pelayang'),
(1310, 8, 97, 'Bathin III'),
(1311, 8, 97, 'Bathin III Ulu'),
(1312, 8, 97, 'Bungo Dani'),
(1313, 8, 97, 'Jujuhan'),
(1314, 8, 97, 'Jujuhan Ilir'),
(1315, 8, 97, 'Limbur Lubuk Mengkuang'),
(1316, 8, 97, 'Muko-Muko Batin VII'),
(1317, 8, 97, 'Pasar Muara Bungo'),
(1318, 8, 97, 'Pelepat'),
(1319, 8, 97, 'Pelepat Ilir'),
(1320, 8, 97, 'Rantau Pandan'),
(1321, 8, 97, 'Rimbo Tengah'),
(1322, 8, 97, 'Tanah Sepenggal'),
(1323, 8, 97, 'Tanah Sepenggal Lintas'),
(1324, 8, 97, 'Tanah Tumbuh'),
(1325, 29, 98, 'Biau'),
(1326, 29, 98, 'Bokat'),
(1327, 29, 98, 'Bukal'),
(1328, 29, 98, 'Bunobogu'),
(1329, 29, 98, 'Gadung'),
(1330, 29, 98, 'Karamat'),
(1331, 29, 98, 'Lakea (Lipunoto)'),
(1332, 29, 98, 'Momunu'),
(1333, 29, 98, 'Paleleh'),
(1334, 29, 98, 'Paleleh Barat'),
(1335, 29, 98, 'Tiloan'),
(1336, 19, 99, 'Airbuaya'),
(1337, 19, 99, 'Batabual'),
(1338, 19, 99, 'Fena Leisela'),
(1339, 19, 99, 'Lilialy'),
(1340, 19, 99, 'Lolong Guba'),
(1341, 19, 99, 'Namlea'),
(1342, 19, 99, 'Teluk Kaiely'),
(1343, 19, 99, 'Waeapo'),
(1344, 19, 99, 'Waelata'),
(1345, 19, 99, 'Waplau'),
(1346, 19, 100, 'Ambalau'),
(1347, 19, 100, 'Fena Fafan'),
(1348, 19, 100, 'Kepala Madan'),
(1349, 19, 100, 'Leksula'),
(1350, 19, 100, 'Namrole'),
(1351, 19, 100, 'Waesama'),
(1352, 30, 101, 'Batauga'),
(1353, 30, 101, 'Batu Atas'),
(1354, 30, 101, 'Gu'),
(1355, 30, 101, 'Kadatua'),
(1356, 30, 101, 'Kapontori'),
(1357, 30, 101, 'Lakudo'),
(1358, 30, 101, 'Lapandewa'),
(1359, 30, 101, 'Lasalimu'),
(1360, 30, 101, 'Lasalimu Selatan'),
(1361, 30, 101, 'Mawasangka'),
(1362, 30, 101, 'Mawasangka Tengah'),
(1363, 30, 101, 'Mawasangka Timur'),
(1364, 30, 101, 'Pasar Wajo'),
(1365, 30, 101, 'Sampolawa'),
(1366, 30, 101, 'Sangia Mambulu'),
(1367, 30, 101, 'Siompu'),
(1368, 30, 101, 'Siompu Barat'),
(1369, 30, 101, 'Siontapia (Siontapina)'),
(1370, 30, 101, 'Talaga Raya (Telaga Raya)'),
(1371, 30, 101, 'Wabula'),
(1372, 30, 101, 'Wolowa'),
(1373, 30, 102, 'Bonegunu'),
(1374, 30, 102, 'Kambowa'),
(1375, 30, 102, 'Kulisusu (Kalingsusu/Kalisusu)'),
(1376, 30, 102, 'Kulisusu Barat'),
(1377, 30, 102, 'Kulisusu Utara'),
(1378, 30, 102, 'Wakorumba Utara'),
(1379, 9, 103, 'Banjarsari'),
(1380, 9, 103, 'Baregbeg'),
(1381, 9, 103, 'Ciamis'),
(1382, 9, 103, 'Cidolog'),
(1383, 9, 103, 'Cihaurbeuti'),
(1384, 9, 103, 'Cijeungjing'),
(1385, 9, 103, 'Cikoneng'),
(1386, 9, 103, 'Cimaragas'),
(1387, 9, 103, 'Cipaku'),
(1388, 9, 103, 'Cisaga'),
(1389, 9, 103, 'Jatinagara'),
(1390, 9, 103, 'Kawali'),
(1391, 9, 103, 'Lakbok'),
(1392, 9, 103, 'Lumbung'),
(1393, 9, 103, 'Pamarican'),
(1394, 9, 103, 'Panawangan'),
(1395, 9, 103, 'Panjalu'),
(1396, 9, 103, 'Panumbangan'),
(1397, 9, 103, 'Purwadadi'),
(1398, 9, 103, 'Rajadesa'),
(1399, 9, 103, 'Rancah'),
(1400, 9, 103, 'Sadananya'),
(1401, 9, 103, 'Sindangkasih'),
(1402, 9, 103, 'Sukadana'),
(1403, 9, 103, 'Sukamantri'),
(1404, 9, 103, 'Tambaksari'),
(1405, 9, 104, 'Agrabinta'),
(1406, 9, 104, 'Bojongpicung'),
(1407, 9, 104, 'Campaka'),
(1408, 9, 104, 'Campaka Mulya'),
(1409, 9, 104, 'Cianjur'),
(1410, 9, 104, 'Cibeber'),
(1411, 9, 104, 'Cibinong'),
(1412, 9, 104, 'Cidaun'),
(1413, 9, 104, 'Cijati'),
(1414, 9, 104, 'Cikadu'),
(1415, 9, 104, 'Cikalongkulon'),
(1416, 9, 104, 'Cilaku'),
(1417, 9, 104, 'Cipanas'),
(1418, 9, 104, 'Ciranjang'),
(1419, 9, 104, 'Cugenang'),
(1420, 9, 104, 'Gekbrong'),
(1421, 9, 104, 'Haurwangi'),
(1422, 9, 104, 'Kadupandak'),
(1423, 9, 104, 'Karangtengah'),
(1424, 9, 104, 'Leles'),
(1425, 9, 104, 'Mande'),
(1426, 9, 104, 'Naringgul'),
(1427, 9, 104, 'Pacet'),
(1428, 9, 104, 'Pagelaran'),
(1429, 9, 104, 'Pasirkuda'),
(1430, 9, 104, 'Sindangbarang'),
(1431, 9, 104, 'Sukaluyu'),
(1432, 9, 104, 'Sukanagara'),
(1433, 9, 104, 'Sukaresmi'),
(1434, 9, 104, 'Takokak'),
(1435, 9, 104, 'Tanggeung'),
(1436, 9, 104, 'Warungkondang'),
(1437, 10, 105, 'Adipala'),
(1438, 10, 105, 'Bantarsari'),
(1439, 10, 105, 'Binangun'),
(1440, 10, 105, 'Cilacap Selatan'),
(1441, 10, 105, 'Cilacap Tengah'),
(1442, 10, 105, 'Cilacap Utara'),
(1443, 10, 105, 'Cimanggu'),
(1444, 10, 105, 'Cipari'),
(1445, 10, 105, 'Dayeuhluhur'),
(1446, 10, 105, 'Gandrungmangu'),
(1447, 10, 105, 'Jeruklegi'),
(1448, 10, 105, 'Kampung Laut'),
(1449, 10, 105, 'Karangpucung'),
(1450, 10, 105, 'Kawunganten'),
(1451, 10, 105, 'Kedungreja'),
(1452, 10, 105, 'Kesugihan'),
(1453, 10, 105, 'Kroya'),
(1454, 10, 105, 'Majenang'),
(1455, 10, 105, 'Maos'),
(1456, 10, 105, 'Nusawungu'),
(1457, 10, 105, 'Patimuan'),
(1458, 10, 105, 'Sampang'),
(1459, 10, 105, 'Sidareja'),
(1460, 10, 105, 'Wanareja'),
(1461, 3, 106, 'Cibeber'),
(1462, 3, 106, 'Cilegon'),
(1463, 3, 106, 'Citangkil'),
(1464, 3, 106, 'Ciwandan'),
(1465, 3, 106, 'Gerogol'),
(1466, 3, 106, 'Jombang'),
(1467, 3, 106, 'Pulomerak'),
(1468, 3, 106, 'Purwakarta'),
(1469, 9, 107, 'Cimahi Selatan'),
(1470, 9, 107, 'Cimahi Tengah'),
(1471, 9, 107, 'Cimahi Utara'),
(1472, 9, 108, 'Arjawinangun'),
(1473, 9, 108, 'Astanajapura'),
(1474, 9, 108, 'Babakan'),
(1475, 9, 108, 'Beber'),
(1476, 9, 108, 'Ciledug'),
(1477, 9, 108, 'Ciwaringin'),
(1478, 9, 108, 'Depok'),
(1479, 9, 108, 'Dukupuntang'),
(1480, 9, 108, 'Gebang'),
(1481, 9, 108, 'Gegesik'),
(1482, 9, 108, 'Gempol'),
(1483, 9, 108, 'Greged (Greget)'),
(1484, 9, 108, 'Gunung Jati (Cirebon Utara)'),
(1485, 9, 108, 'Jamblang'),
(1486, 9, 108, 'Kaliwedi'),
(1487, 9, 108, 'Kapetakan'),
(1488, 9, 108, 'Karangsembung'),
(1489, 9, 108, 'Karangwareng'),
(1490, 9, 108, 'Kedawung'),
(1491, 9, 108, 'Klangenan'),
(1492, 9, 108, 'Lemahabang'),
(1493, 9, 108, 'Losari'),
(1494, 9, 108, 'Mundu'),
(1495, 9, 108, 'Pabedilan'),
(1496, 9, 108, 'Pabuaran'),
(1497, 9, 108, 'Palimanan'),
(1498, 9, 108, 'Pangenan'),
(1499, 9, 108, 'Panguragan'),
(1500, 9, 108, 'Pasaleman'),
(1501, 9, 108, 'Plered'),
(1502, 9, 108, 'Plumbon'),
(1503, 9, 108, 'Sedong'),
(1504, 9, 108, 'Sumber'),
(1505, 9, 108, 'Suranenggala'),
(1506, 9, 108, 'Susukan'),
(1507, 9, 108, 'Susukan Lebak'),
(1508, 9, 108, 'Talun (Cirebon Selatan)'),
(1509, 9, 108, 'Tengah Tani'),
(1510, 9, 108, 'Waled'),
(1511, 9, 108, 'Weru'),
(1512, 9, 109, 'Harjamukti'),
(1513, 9, 109, 'Kejaksan'),
(1514, 9, 109, 'Kesambi'),
(1515, 9, 109, 'Lemahwungkuk'),
(1516, 9, 109, 'Pekalipan'),
(1517, 34, 110, 'Berampu (Brampu)'),
(1518, 34, 110, 'Gunung Sitember'),
(1519, 34, 110, 'Lae Parira'),
(1520, 34, 110, 'Parbuluan'),
(1521, 34, 110, 'Pegagan Hilir'),
(1522, 34, 110, 'Sidikalang'),
(1523, 34, 110, 'Siempat Nempu'),
(1524, 34, 110, 'Siempat Nempu Hilir'),
(1525, 34, 110, 'Siempat Nempu Hulu'),
(1526, 34, 110, 'Silahi Sabungan'),
(1527, 34, 110, 'Silima Pungga-Pungga'),
(1528, 34, 110, 'Sitinjo'),
(1529, 34, 110, 'Sumbul'),
(1530, 34, 110, 'Tanah Pinem'),
(1531, 34, 110, 'Tiga Lingga'),
(1532, 24, 111, 'Bowobado'),
(1533, 24, 111, 'Kapiraya'),
(1534, 24, 111, 'Tigi'),
(1535, 24, 111, 'Tigi Barat'),
(1536, 24, 111, 'Tigi Timur'),
(1537, 34, 112, 'Bangun Purba'),
(1538, 34, 112, 'Batang Kuis'),
(1539, 34, 112, 'Beringin'),
(1540, 34, 112, 'Biru-Biru'),
(1541, 34, 112, 'Deli Tua'),
(1542, 34, 112, 'Galang'),
(1543, 34, 112, 'Gunung Meriah'),
(1544, 34, 112, 'Hamparan Perak'),
(1545, 34, 112, 'Kutalimbaru'),
(1546, 34, 112, 'Labuhan Deli'),
(1547, 34, 112, 'Lubuk Pakam'),
(1548, 34, 112, 'Namo Rambe'),
(1549, 34, 112, 'Pagar Merbau'),
(1550, 34, 112, 'Pancur Batu'),
(1551, 34, 112, 'Pantai Labu'),
(1552, 34, 112, 'Patumbak'),
(1553, 34, 112, 'Percut Sei Tuan'),
(1554, 34, 112, 'Sibolangit'),
(1555, 34, 112, 'Sinembah Tanjung Muda Hilir'),
(1556, 34, 112, 'Sinembah Tanjung Muda Hulu'),
(1557, 34, 112, 'Sunggal'),
(1558, 34, 112, 'Tanjung Morawa'),
(1559, 10, 113, 'Bonang'),
(1560, 10, 113, 'Demak'),
(1561, 10, 113, 'Dempet'),
(1562, 10, 113, 'Gajah'),
(1563, 10, 113, 'Guntur'),
(1564, 10, 113, 'Karang Tengah'),
(1565, 10, 113, 'Karanganyar'),
(1566, 10, 113, 'Karangawen'),
(1567, 10, 113, 'Kebonagung'),
(1568, 10, 113, 'Mijen'),
(1569, 10, 113, 'Mranggen'),
(1570, 10, 113, 'Sayung'),
(1571, 10, 113, 'Wedung'),
(1572, 10, 113, 'Wonosalam'),
(1573, 1, 114, 'Denpasar Barat'),
(1574, 1, 114, 'Denpasar Selatan'),
(1575, 1, 114, 'Denpasar Timur'),
(1576, 1, 114, 'Denpasar Utara'),
(1577, 9, 115, 'Beji'),
(1578, 9, 115, 'Bojongsari'),
(1579, 9, 115, 'Cilodong'),
(1580, 9, 115, 'Cimanggis'),
(1581, 9, 115, 'Cinere'),
(1582, 9, 115, 'Cipayung'),
(1583, 9, 115, 'Limo'),
(1584, 9, 115, 'Pancoran Mas'),
(1585, 9, 115, 'Sawangan'),
(1586, 9, 115, 'Sukmajaya'),
(1587, 9, 115, 'Tapos'),
(1588, 32, 116, 'Asam Jujuhan'),
(1589, 32, 116, 'Koto Baru'),
(1590, 32, 116, 'Koto Besar'),
(1591, 32, 116, 'Koto Salak'),
(1592, 32, 116, 'Padang Laweh'),
(1593, 32, 116, 'Pulau Punjung'),
(1594, 32, 116, 'Sembilan Koto (IX Koto)'),
(1595, 32, 116, 'Sitiung'),
(1596, 32, 116, 'Sungai Rumbai'),
(1597, 32, 116, 'Timpeh'),
(1598, 32, 116, 'Tiumang'),
(1599, 24, 117, 'Dogiyai'),
(1600, 24, 117, 'Kamu'),
(1601, 24, 117, 'Kamu Selatan'),
(1602, 24, 117, 'Kamu Timur'),
(1603, 24, 117, 'Kamu Utara (Ikrar/Ikrat)'),
(1604, 24, 117, 'Mapia'),
(1605, 24, 117, 'Mapia Barat'),
(1606, 24, 117, 'Mapia Tengah'),
(1607, 24, 117, 'Piyaiye (Sukikai)'),
(1608, 24, 117, 'Sukikai Selatan'),
(1609, 22, 118, 'Dompu'),
(1610, 22, 118, 'Hu\'u'),
(1611, 22, 118, 'Kempo'),
(1612, 22, 118, 'Kilo'),
(1613, 22, 118, 'Menggelewa (Manggelewa)'),
(1614, 22, 118, 'Pajo'),
(1615, 22, 118, 'Pekat'),
(1616, 22, 118, 'Woja'),
(1617, 29, 119, 'Balaesang'),
(1618, 29, 119, 'Balaesang Tanjung'),
(1619, 29, 119, 'Banawa'),
(1620, 29, 119, 'Banawa Selatan'),
(1621, 29, 119, 'Banawa Tengah'),
(1622, 29, 119, 'Damsol (Dampelas Sojol)'),
(1623, 29, 119, 'Labuan'),
(1624, 29, 119, 'Pinembani'),
(1625, 29, 119, 'Rio Pakava (Riopakawa)'),
(1626, 29, 119, 'Sindue'),
(1627, 29, 119, 'Sindue Tobata'),
(1628, 29, 119, 'Sindue Tombusabora'),
(1629, 29, 119, 'Sirenja'),
(1630, 29, 119, 'Sojol'),
(1631, 29, 119, 'Sojol Utara'),
(1632, 29, 119, 'Tanantovea'),
(1633, 26, 120, 'Bukit Kapur'),
(1634, 26, 120, 'Dumai Barat'),
(1635, 26, 120, 'Dumai Kota'),
(1636, 26, 120, 'Dumai Selatan'),
(1637, 26, 120, 'Dumai Timur'),
(1638, 26, 120, 'Medang Kampai'),
(1639, 26, 120, 'Sungai Sembilan'),
(1640, 33, 121, 'Lintang Kanan'),
(1641, 33, 121, 'Muara Pinang'),
(1642, 33, 121, 'Pasemah Air Keruh'),
(1643, 33, 121, 'Pendopo'),
(1644, 33, 121, 'Pendopo Barat'),
(1645, 33, 121, 'Saling'),
(1646, 33, 121, 'Sikap Dalam'),
(1647, 33, 121, 'Talang Padang'),
(1648, 33, 121, 'Tebing Tinggi'),
(1649, 33, 121, 'Ulu Musi'),
(1650, 23, 122, 'Detukeli'),
(1651, 23, 122, 'Detusoko'),
(1652, 23, 122, 'Ende'),
(1653, 23, 122, 'Ende Selatan'),
(1654, 23, 122, 'Ende Tengah'),
(1655, 23, 122, 'Ende Timur'),
(1656, 23, 122, 'Ende Utara'),
(1657, 23, 122, 'Kelimutu'),
(1658, 23, 122, 'Kotabaru'),
(1659, 23, 122, 'Lepembusu Kelisoke'),
(1660, 23, 122, 'Lio Timur'),
(1661, 23, 122, 'Maukaro'),
(1662, 23, 122, 'Maurole'),
(1663, 23, 122, 'Nangapanda'),
(1664, 23, 122, 'Ndona'),
(1665, 23, 122, 'Ndona Timur'),
(1666, 23, 122, 'Ndori'),
(1667, 23, 122, 'Pulau Ende'),
(1668, 23, 122, 'Wewaria'),
(1669, 23, 122, 'Wolojita'),
(1670, 23, 122, 'Wolowaru'),
(1671, 28, 123, 'Alla'),
(1672, 28, 123, 'Anggeraja'),
(1673, 28, 123, 'Baraka'),
(1674, 28, 123, 'Baroko'),
(1675, 28, 123, 'Bungin'),
(1676, 28, 123, 'Buntu Batu'),
(1677, 28, 123, 'Cendana'),
(1678, 28, 123, 'Curio'),
(1679, 28, 123, 'Enrekang'),
(1680, 28, 123, 'Maiwa'),
(1681, 28, 123, 'Malua'),
(1682, 28, 123, 'Masalle'),
(1683, 25, 124, 'Bombarai (Bomberay)'),
(1684, 25, 124, 'Fakfak'),
(1685, 25, 124, 'Fakfak Barat'),
(1686, 25, 124, 'Fakfak Tengah'),
(1687, 25, 124, 'Fakfak Timur'),
(1688, 25, 124, 'Karas'),
(1689, 25, 124, 'Kokas'),
(1690, 25, 124, 'Kramongmongga (Kramamongga)'),
(1691, 25, 124, 'Teluk Patipi'),
(1692, 23, 125, 'Adonara'),
(1693, 23, 125, 'Adonara Barat'),
(1694, 23, 125, 'Adonara Tengah'),
(1695, 23, 125, 'Adonara Timur'),
(1696, 23, 125, 'Demon Pagong'),
(1697, 23, 125, 'Ile Boleng'),
(1698, 23, 125, 'Ile Bura'),
(1699, 23, 125, 'Ile Mandiri'),
(1700, 23, 125, 'Kelubagolit (Klubagolit)'),
(1701, 23, 125, 'Larantuka'),
(1702, 23, 125, 'Lewolema'),
(1703, 23, 125, 'Solor Barat'),
(1704, 23, 125, 'Solor Selatan'),
(1705, 23, 125, 'Solor Timur'),
(1706, 23, 125, 'Tanjung Bunga'),
(1707, 23, 125, 'Titehena'),
(1708, 23, 125, 'Witihama (Watihama)'),
(1709, 23, 125, 'Wotan Ulumado'),
(1710, 23, 125, 'Wulanggitang'),
(1711, 9, 126, 'Banjarwangi'),
(1712, 9, 126, 'Banyuresmi'),
(1713, 9, 126, 'Bayongbong'),
(1714, 9, 126, 'Blubur Limbangan'),
(1715, 9, 126, 'Bungbulang'),
(1716, 9, 126, 'Caringin'),
(1717, 9, 126, 'Cibalong'),
(1718, 9, 126, 'Cibatu'),
(1719, 9, 126, 'Cibiuk'),
(1720, 9, 126, 'Cigedug'),
(1721, 9, 126, 'Cihurip'),
(1722, 9, 126, 'Cikajang'),
(1723, 9, 126, 'Cikelet'),
(1724, 9, 126, 'Cilawu'),
(1725, 9, 126, 'Cisewu'),
(1726, 9, 126, 'Cisompet'),
(1727, 9, 126, 'Cisurupan'),
(1728, 9, 126, 'Garut Kota'),
(1729, 9, 126, 'Kadungora'),
(1730, 9, 126, 'Karangpawitan'),
(1731, 9, 126, 'Karangtengah'),
(1732, 9, 126, 'Kersamanah'),
(1733, 9, 126, 'Leles'),
(1734, 9, 126, 'Leuwigoong'),
(1735, 9, 126, 'Malangbong'),
(1736, 9, 126, 'Mekarmukti'),
(1737, 9, 126, 'Pakenjeng'),
(1738, 9, 126, 'Pameungpeuk'),
(1739, 9, 126, 'Pamulihan'),
(1740, 9, 126, 'Pangatikan'),
(1741, 9, 126, 'Pasirwangi'),
(1742, 9, 126, 'Peundeuy'),
(1743, 9, 126, 'Samarang'),
(1744, 9, 126, 'Selaawi'),
(1745, 9, 126, 'Singajaya'),
(1746, 9, 126, 'Sucinaraja'),
(1747, 9, 126, 'Sukaresmi'),
(1748, 9, 126, 'Sukawening'),
(1749, 9, 126, 'Talegong'),
(1750, 9, 126, 'Tarogong Kaler'),
(1751, 9, 126, 'Tarogong Kidul'),
(1752, 9, 126, 'Wanaraja'),
(1753, 21, 127, 'Blang Jerango'),
(1754, 21, 127, 'Blang Kejeren'),
(1755, 21, 127, 'Blang Pegayon'),
(1756, 21, 127, 'Dabun Gelang (Debun Gelang)'),
(1757, 21, 127, 'Kuta Panjang'),
(1758, 21, 127, 'Pantan Cuaca'),
(1759, 21, 127, 'Pining (Pinding)'),
(1760, 21, 127, 'Putri Betung'),
(1761, 21, 127, 'Rikit Gaib'),
(1762, 21, 127, 'Terangun (Terangon)'),
(1763, 21, 127, 'Teripe/Tripe Jaya'),
(1764, 1, 128, 'Belah Batuh (Blahbatuh)'),
(1765, 1, 128, 'Gianyar'),
(1766, 1, 128, 'Payangan'),
(1767, 1, 128, 'Sukawati'),
(1768, 1, 128, 'Tampak Siring'),
(1769, 1, 128, 'Tegallalang'),
(1770, 1, 128, 'Ubud'),
(1771, 7, 129, 'Asparaga'),
(1772, 7, 129, 'Batudaa'),
(1773, 7, 129, 'Batudaa Pantai'),
(1774, 7, 129, 'Bilato'),
(1775, 7, 129, 'Biluhu'),
(1776, 7, 129, 'Boliohuto (Boliyohuto)'),
(1777, 7, 129, 'Bongomeme'),
(1778, 7, 129, 'Dungaliyo'),
(1779, 7, 129, 'Limboto'),
(1780, 7, 129, 'Limboto Barat'),
(1781, 7, 129, 'Mootilango'),
(1782, 7, 129, 'Pulubala'),
(1783, 7, 129, 'Tabongo'),
(1784, 7, 129, 'Telaga'),
(1785, 7, 129, 'Telaga Biru'),
(1786, 7, 129, 'Telaga Jaya'),
(1787, 7, 129, 'Tibawa'),
(1788, 7, 129, 'Tilango'),
(1789, 7, 129, 'Tolangohula'),
(1790, 7, 130, 'Dumbo Raya'),
(1791, 7, 130, 'Dungingi'),
(1792, 7, 130, 'Hulonthalangi'),
(1793, 7, 130, 'Kota Barat'),
(1794, 7, 130, 'Kota Selatan'),
(1795, 7, 130, 'Kota Tengah'),
(1796, 7, 130, 'Kota Timur'),
(1797, 7, 130, 'Kota Utara'),
(1798, 7, 130, 'Sipatana'),
(1799, 7, 131, 'Anggrek'),
(1800, 7, 131, 'Atinggola'),
(1801, 7, 131, 'Biau'),
(1802, 7, 131, 'Gentuma Raya'),
(1803, 7, 131, 'Kwandang'),
(1804, 7, 131, 'Monano'),
(1805, 7, 131, 'Ponelo Kepulauan'),
(1806, 7, 131, 'Sumalata'),
(1807, 7, 131, 'Sumalata Timur'),
(1808, 7, 131, 'Tolinggula'),
(1809, 7, 131, 'Tomolito'),
(1810, 28, 132, 'Bajeng'),
(1811, 28, 132, 'Bajeng Barat'),
(1812, 28, 132, 'Barombong'),
(1813, 28, 132, 'Biringbulu'),
(1814, 28, 132, 'Bontolempangang'),
(1815, 28, 132, 'Bontomarannu'),
(1816, 28, 132, 'Bontonompo'),
(1817, 28, 132, 'Bontonompo Selatan'),
(1818, 28, 132, 'Bungaya'),
(1819, 28, 132, 'Manuju'),
(1820, 28, 132, 'Pallangga'),
(1821, 28, 132, 'Parangloe'),
(1822, 28, 132, 'Parigi'),
(1823, 28, 132, 'Pattallassang'),
(1824, 28, 132, 'Somba Opu (Upu)'),
(1825, 28, 132, 'Tinggimoncong');
INSERT INTO `subdistrict` (`id_subdistrict`, `id_province`, `id_city`, `subdistrict_name`) VALUES
(1826, 28, 132, 'Tombolo Pao'),
(1827, 28, 132, 'Tompobulu'),
(1828, 11, 133, 'Balong Panggang'),
(1829, 11, 133, 'Benjeng'),
(1830, 11, 133, 'Bungah'),
(1831, 11, 133, 'Cerme'),
(1832, 11, 133, 'Driyorejo'),
(1833, 11, 133, 'Duduk Sampeyan'),
(1834, 11, 133, 'Dukun'),
(1835, 11, 133, 'Gresik'),
(1836, 11, 133, 'Kebomas'),
(1837, 11, 133, 'Kedamean'),
(1838, 11, 133, 'Manyar'),
(1839, 11, 133, 'Menganti'),
(1840, 11, 133, 'Panceng'),
(1841, 11, 133, 'Sangkapura'),
(1842, 11, 133, 'Sidayu'),
(1843, 11, 133, 'Tambak'),
(1844, 11, 133, 'Ujung Pangkah'),
(1845, 11, 133, 'Wringin Anom'),
(1846, 10, 134, 'Brati'),
(1847, 10, 134, 'Gabus'),
(1848, 10, 134, 'Geyer'),
(1849, 10, 134, 'Godong'),
(1850, 10, 134, 'Grobogan'),
(1851, 10, 134, 'Gubug'),
(1852, 10, 134, 'Karangrayung'),
(1853, 10, 134, 'Kedungjati'),
(1854, 10, 134, 'Klambu'),
(1855, 10, 134, 'Kradenan'),
(1856, 10, 134, 'Ngaringan'),
(1857, 10, 134, 'Penawangan'),
(1858, 10, 134, 'Pulokulon'),
(1859, 10, 134, 'Purwodadi'),
(1860, 10, 134, 'Tanggungharjo'),
(1861, 10, 134, 'Tawangharjo'),
(1862, 10, 134, 'Tegowanu'),
(1863, 10, 134, 'Toroh'),
(1864, 10, 134, 'Wirosari'),
(1865, 5, 135, 'Gedang Sari'),
(1866, 5, 135, 'Girisubo'),
(1867, 5, 135, 'Karangmojo'),
(1868, 5, 135, 'Ngawen'),
(1869, 5, 135, 'Nglipar'),
(1870, 5, 135, 'Paliyan'),
(1871, 5, 135, 'Panggang'),
(1872, 5, 135, 'Patuk'),
(1873, 5, 135, 'Playen'),
(1874, 5, 135, 'Ponjong'),
(1875, 5, 135, 'Purwosari'),
(1876, 5, 135, 'Rongkop'),
(1877, 5, 135, 'Sapto Sari'),
(1878, 5, 135, 'Semanu'),
(1879, 5, 135, 'Semin'),
(1880, 5, 135, 'Tanjungsari'),
(1881, 5, 135, 'Tepus'),
(1882, 5, 135, 'Wonosari'),
(1883, 14, 136, 'Damang Batu'),
(1884, 14, 136, 'Kahayan Hulu Utara'),
(1885, 14, 136, 'Kurun'),
(1886, 14, 136, 'Manuhing'),
(1887, 14, 136, 'Manuhing Raya'),
(1888, 14, 136, 'Mihing Raya'),
(1889, 14, 136, 'Miri Manasa'),
(1890, 14, 136, 'Rungan'),
(1891, 14, 136, 'Rungan Barat'),
(1892, 14, 136, 'Rungan Hulu'),
(1893, 14, 136, 'Sepang (Sepang Simin)'),
(1894, 14, 136, 'Tewah'),
(1895, 34, 137, 'Gunungsitoli'),
(1896, 34, 137, 'Gunungsitoli Alo\'oa'),
(1897, 34, 137, 'Gunungsitoli Barat'),
(1898, 34, 137, 'Gunungsitoli Idanoi'),
(1899, 34, 137, 'Gunungsitoli Selatan'),
(1900, 34, 137, 'Gunungsitoli Utara'),
(1901, 20, 138, 'Ibu'),
(1902, 20, 138, 'Ibu Selatan'),
(1903, 20, 138, 'Ibu Utara'),
(1904, 20, 138, 'Jailolo'),
(1905, 20, 138, 'Jailolo Selatan'),
(1906, 20, 138, 'Loloda'),
(1907, 20, 138, 'Sahu'),
(1908, 20, 138, 'Sahu Timur'),
(1909, 20, 139, 'Bacan'),
(1910, 20, 139, 'Bacan Barat'),
(1911, 20, 139, 'Bacan Barat Utara'),
(1912, 20, 139, 'Bacan Selatan'),
(1913, 20, 139, 'Bacan Timur'),
(1914, 20, 139, 'Bacan Timur Selatan'),
(1915, 20, 139, 'Bacan Timur Tengah'),
(1916, 20, 139, 'Gane Barat'),
(1917, 20, 139, 'Gane Barat Selatan'),
(1918, 20, 139, 'Gane Barat Utara'),
(1919, 20, 139, 'Gane Timur'),
(1920, 20, 139, 'Gane Timur Selatan'),
(1921, 20, 139, 'Gane Timur Tengah'),
(1922, 20, 139, 'Kasiruta Barat'),
(1923, 20, 139, 'Kasiruta Timur'),
(1924, 20, 139, 'Kayoa'),
(1925, 20, 139, 'Kayoa Barat'),
(1926, 20, 139, 'Kayoa Selatan'),
(1927, 20, 139, 'Kayoa Utara'),
(1928, 20, 139, 'Kepulauan Botanglomang'),
(1929, 20, 139, 'Kepulauan Joronga'),
(1930, 20, 139, 'Makian (Pulau Makian)'),
(1931, 20, 139, 'Makian Barat (Pulau Makian)'),
(1932, 20, 139, 'Mandioli Selatan'),
(1933, 20, 139, 'Mandioli Utara'),
(1934, 20, 139, 'Obi'),
(1935, 20, 139, 'Obi Barat'),
(1936, 20, 139, 'Obi Selatan'),
(1937, 20, 139, 'Obi Timur'),
(1938, 20, 139, 'Obi Utara'),
(1939, 20, 140, 'Patani'),
(1940, 20, 140, 'Patani Barat'),
(1941, 20, 140, 'Patani Utara'),
(1942, 20, 140, 'Pulau Gebe'),
(1943, 20, 140, 'Weda'),
(1944, 20, 140, 'Weda Selatan'),
(1945, 20, 140, 'Weda Tengah'),
(1946, 20, 140, 'Weda Utara'),
(1947, 20, 141, 'Kota Maba'),
(1948, 20, 141, 'Maba'),
(1949, 20, 141, 'Maba Selatan'),
(1950, 20, 141, 'Maba Tengah'),
(1951, 20, 141, 'Maba Utara'),
(1952, 20, 141, 'Wasile'),
(1953, 20, 141, 'Wasile Selatan'),
(1954, 20, 141, 'Wasile Tengah'),
(1955, 20, 141, 'Wasile Timur'),
(1956, 20, 141, 'Wasile Utara'),
(1957, 20, 142, 'Galela'),
(1958, 20, 142, 'Galela Barat'),
(1959, 20, 142, 'Galela Selatan'),
(1960, 20, 142, 'Galela Utara'),
(1961, 20, 142, 'Kao'),
(1962, 20, 142, 'Kao Barat'),
(1963, 20, 142, 'Kao Teluk'),
(1964, 20, 142, 'Kao Utara'),
(1965, 20, 142, 'Loloda Kepulauan'),
(1966, 20, 142, 'Loloda Utara'),
(1967, 20, 142, 'Malifut'),
(1968, 20, 142, 'Tobelo'),
(1969, 20, 142, 'Tobelo Barat'),
(1970, 20, 142, 'Tobelo Selatan'),
(1971, 20, 142, 'Tobelo Tengah'),
(1972, 20, 142, 'Tobelo Timur'),
(1973, 20, 142, 'Tobelo Utara'),
(1974, 13, 143, 'Angkinang'),
(1975, 13, 143, 'Daha Barat'),
(1976, 13, 143, 'Daha Selatan'),
(1977, 13, 143, 'Daha Utara'),
(1978, 13, 143, 'Kalumpang (Kelumpang)'),
(1979, 13, 143, 'Kandangan'),
(1980, 13, 143, 'Loksado'),
(1981, 13, 143, 'Padang Batung'),
(1982, 13, 143, 'Simpur'),
(1983, 13, 143, 'Sungai Raya'),
(1984, 13, 143, 'Telaga Langsat'),
(1985, 13, 144, 'Barabai'),
(1986, 13, 144, 'Batang Alai Selatan'),
(1987, 13, 144, 'Batang Alai Timur'),
(1988, 13, 144, 'Batang Alai Utara'),
(1989, 13, 144, 'Batu Benawa'),
(1990, 13, 144, 'Hantakan'),
(1991, 13, 144, 'Haruyan'),
(1992, 13, 144, 'Labuan Amas Selatan'),
(1993, 13, 144, 'Labuan Amas Utara'),
(1994, 13, 144, 'Limpasu'),
(1995, 13, 144, 'Pandawan'),
(1996, 13, 145, 'Amuntai Selatan'),
(1997, 13, 145, 'Amuntai Tengah'),
(1998, 13, 145, 'Amuntai Utara'),
(1999, 13, 145, 'Babirik'),
(2000, 13, 145, 'Banjang'),
(2001, 13, 145, 'Danau Panggang'),
(2002, 13, 145, 'Haur Gading'),
(2003, 13, 145, 'Paminggir'),
(2004, 13, 145, 'Sungai Pandan'),
(2005, 13, 145, 'Sungai Tabukan'),
(2006, 34, 146, 'Bakti Raja'),
(2007, 34, 146, 'Dolok Sanggul'),
(2008, 34, 146, 'Lintong Nihuta'),
(2009, 34, 146, 'Onan Ganjang'),
(2010, 34, 146, 'Pakkat'),
(2011, 34, 146, 'Paranginan'),
(2012, 34, 146, 'Parlilitan'),
(2013, 34, 146, 'Pollung'),
(2014, 34, 146, 'Sijama Polang'),
(2015, 34, 146, 'Tara Bintang'),
(2016, 26, 147, 'Batang Tuaka'),
(2017, 26, 147, 'Concong'),
(2018, 26, 147, 'Enok'),
(2019, 26, 147, 'Gaung'),
(2020, 26, 147, 'Gaung Anak Serka'),
(2021, 26, 147, 'Kateman'),
(2022, 26, 147, 'Kempas'),
(2023, 26, 147, 'Kemuning'),
(2024, 26, 147, 'Keritang'),
(2025, 26, 147, 'Kuala Indragiri'),
(2026, 26, 147, 'Mandah'),
(2027, 26, 147, 'Pelangiran'),
(2028, 26, 147, 'Pulau Burung'),
(2029, 26, 147, 'Reteh'),
(2030, 26, 147, 'Sungai Batang'),
(2031, 26, 147, 'Tanah Merah'),
(2032, 26, 147, 'Teluk Belengkong'),
(2033, 26, 147, 'Tembilahan'),
(2034, 26, 147, 'Tembilahan Hulu'),
(2035, 26, 147, 'Tempuling'),
(2036, 26, 148, 'Batang Cenaku'),
(2037, 26, 148, 'Batang Gansal'),
(2038, 26, 148, 'Batang Peranap'),
(2039, 26, 148, 'Kelayang'),
(2040, 26, 148, 'Kuala Cenaku'),
(2041, 26, 148, 'Lirik'),
(2042, 26, 148, 'Lubuk Batu Jaya'),
(2043, 26, 148, 'Pasir Penyu'),
(2044, 26, 148, 'Peranap'),
(2045, 26, 148, 'Rakit Kulim'),
(2046, 26, 148, 'Rengat'),
(2047, 26, 148, 'Rengat Barat'),
(2048, 26, 148, 'Seberida'),
(2049, 26, 148, 'Sungai Lala'),
(2050, 9, 149, 'Anjatan'),
(2051, 9, 149, 'Arahan'),
(2052, 9, 149, 'Balongan'),
(2053, 9, 149, 'Bangodua'),
(2054, 9, 149, 'Bongas'),
(2055, 9, 149, 'Cantigi'),
(2056, 9, 149, 'Cikedung'),
(2057, 9, 149, 'Gabuswetan'),
(2058, 9, 149, 'Gantar'),
(2059, 9, 149, 'Haurgeulis'),
(2060, 9, 149, 'Indramayu'),
(2061, 9, 149, 'Jatibarang'),
(2062, 9, 149, 'Juntinyuat'),
(2063, 9, 149, 'Kandanghaur'),
(2064, 9, 149, 'Karangampel'),
(2065, 9, 149, 'Kedokan Bunder'),
(2066, 9, 149, 'Kertasemaya'),
(2067, 9, 149, 'Krangkeng'),
(2068, 9, 149, 'Kroya'),
(2069, 9, 149, 'Lelea'),
(2070, 9, 149, 'Lohbener'),
(2071, 9, 149, 'Losarang'),
(2072, 9, 149, 'Pasekan'),
(2073, 9, 149, 'Patrol'),
(2074, 9, 149, 'Sindang'),
(2075, 9, 149, 'Sliyeg'),
(2076, 9, 149, 'Sukagumiwang'),
(2077, 9, 149, 'Sukra'),
(2078, 9, 149, 'Trisi/Terisi'),
(2079, 9, 149, 'Tukdana'),
(2080, 9, 149, 'Widasari'),
(2081, 24, 150, 'Agisiga'),
(2082, 24, 150, 'Biandoga'),
(2083, 24, 150, 'Hitadipa'),
(2084, 24, 150, 'Homeo (Homeyo)'),
(2085, 24, 150, 'Sugapa'),
(2086, 24, 150, 'Wandai'),
(2087, 6, 151, 'Cengkareng'),
(2088, 6, 151, 'Grogol Petamburan'),
(2089, 6, 151, 'Kalideres'),
(2090, 6, 151, 'Kebon Jeruk'),
(2091, 6, 151, 'Kembangan'),
(2092, 6, 151, 'Palmerah'),
(2093, 6, 151, 'Taman Sari'),
(2094, 6, 151, 'Tambora'),
(2095, 6, 152, 'Cempaka Putih'),
(2096, 6, 152, 'Gambir'),
(2097, 6, 152, 'Johar Baru'),
(2098, 6, 152, 'Kemayoran'),
(2099, 6, 152, 'Menteng'),
(2100, 6, 152, 'Sawah Besar'),
(2101, 6, 152, 'Senen'),
(2102, 6, 152, 'Tanah Abang'),
(2103, 6, 153, 'Cilandak'),
(2104, 6, 153, 'Jagakarsa'),
(2105, 6, 153, 'Kebayoran Baru'),
(2106, 6, 153, 'Kebayoran Lama'),
(2107, 6, 153, 'Mampang Prapatan'),
(2108, 6, 153, 'Pancoran'),
(2109, 6, 153, 'Pasar Minggu'),
(2110, 6, 153, 'Pesanggrahan'),
(2111, 6, 153, 'Setia Budi'),
(2112, 6, 153, 'Tebet'),
(2113, 6, 154, 'Cakung'),
(2114, 6, 154, 'Cipayung'),
(2115, 6, 154, 'Ciracas'),
(2116, 6, 154, 'Duren Sawit'),
(2117, 6, 154, 'Jatinegara'),
(2118, 6, 154, 'Kramat Jati'),
(2119, 6, 154, 'Makasar'),
(2120, 6, 154, 'Matraman'),
(2121, 6, 154, 'Pasar Rebo'),
(2122, 6, 154, 'Pulo Gadung'),
(2123, 6, 155, 'Cilincing'),
(2124, 6, 155, 'Kelapa Gading'),
(2125, 6, 155, 'Koja'),
(2126, 6, 155, 'Pademangan'),
(2127, 6, 155, 'Penjaringan'),
(2128, 6, 155, 'Tanjung Priok'),
(2129, 8, 156, 'Danau Teluk'),
(2130, 8, 156, 'Jambi Selatan'),
(2131, 8, 156, 'Jambi Timur'),
(2132, 8, 156, 'Jelutung'),
(2133, 8, 156, 'Kota Baru'),
(2134, 8, 156, 'Pasar Jambi'),
(2135, 8, 156, 'Pelayangan'),
(2136, 8, 156, 'Telanaipura'),
(2137, 24, 157, 'Airu'),
(2138, 24, 157, 'Demta'),
(2139, 24, 157, 'Depapre'),
(2140, 24, 157, 'Ebungfau (Ebungfa)'),
(2141, 24, 157, 'Gresi Selatan'),
(2142, 24, 157, 'Kaureh'),
(2143, 24, 157, 'Kemtuk'),
(2144, 24, 157, 'Kemtuk Gresi'),
(2145, 24, 157, 'Nambluong'),
(2146, 24, 157, 'Nimbokrang'),
(2147, 24, 157, 'Nimboran'),
(2148, 24, 157, 'Ravenirara'),
(2149, 24, 157, 'Sentani'),
(2150, 24, 157, 'Sentani Barat'),
(2151, 24, 157, 'Sentani Timur'),
(2152, 24, 157, 'Unurum Guay'),
(2153, 24, 157, 'Waibu'),
(2154, 24, 157, 'Yapsi'),
(2155, 24, 157, 'Yokari'),
(2156, 24, 158, 'Abepura'),
(2157, 24, 158, 'Heram'),
(2158, 24, 158, 'Jayapura Selatan'),
(2159, 24, 158, 'Jayapura Utara'),
(2160, 24, 158, 'Muara Tami'),
(2161, 24, 159, 'Asologaima (Asalogaima)'),
(2162, 24, 159, 'Asolokobal'),
(2163, 24, 159, 'Asotipo'),
(2164, 24, 159, 'Bolakme'),
(2165, 24, 159, 'Bpiri'),
(2166, 24, 159, 'Bugi'),
(2167, 24, 159, 'Hubikiak'),
(2168, 24, 159, 'Hubikosi (Hobikosi)'),
(2169, 24, 159, 'Ibele'),
(2170, 24, 159, 'Itlay Hisage'),
(2171, 24, 159, 'Koragi'),
(2172, 24, 159, 'Kurulu'),
(2173, 24, 159, 'Libarek'),
(2174, 24, 159, 'Maima'),
(2175, 24, 159, 'Molagalome'),
(2176, 24, 159, 'Muliama'),
(2177, 24, 159, 'Musatfak'),
(2178, 24, 159, 'Napua'),
(2179, 24, 159, 'Pelebaga'),
(2180, 24, 159, 'Piramid'),
(2181, 24, 159, 'Pisugi'),
(2182, 24, 159, 'Popugoba'),
(2183, 24, 159, 'Siepkosi'),
(2184, 24, 159, 'Silo Karno Doga'),
(2185, 24, 159, 'Taelarek'),
(2186, 24, 159, 'Tagime'),
(2187, 24, 159, 'Tagineri'),
(2188, 24, 159, 'Trikora'),
(2189, 24, 159, 'Usilimo'),
(2190, 24, 159, 'Wadangku'),
(2191, 24, 159, 'Walaik'),
(2192, 24, 159, 'Walelagama'),
(2193, 24, 159, 'Wame'),
(2194, 24, 159, 'Wamena'),
(2195, 24, 159, 'Welesi'),
(2196, 24, 159, 'Wesaput'),
(2197, 24, 159, 'Wita Waya'),
(2198, 24, 159, 'Wollo (Wolo)'),
(2199, 24, 159, 'Wouma'),
(2200, 24, 159, 'Yalengga'),
(2201, 11, 160, 'Ajung'),
(2202, 11, 160, 'Ambulu'),
(2203, 11, 160, 'Arjasa'),
(2204, 11, 160, 'Balung'),
(2205, 11, 160, 'Bangsalsari'),
(2206, 11, 160, 'Gumuk Mas'),
(2207, 11, 160, 'Jelbuk'),
(2208, 11, 160, 'Jenggawah'),
(2209, 11, 160, 'Jombang'),
(2210, 11, 160, 'Kalisat'),
(2211, 11, 160, 'Kaliwates'),
(2212, 11, 160, 'Kencong'),
(2213, 11, 160, 'Ledokombo'),
(2214, 11, 160, 'Mayang'),
(2215, 11, 160, 'Mumbulsari'),
(2216, 11, 160, 'Pakusari'),
(2217, 11, 160, 'Panti'),
(2218, 11, 160, 'Patrang'),
(2219, 11, 160, 'Puger'),
(2220, 11, 160, 'Rambipuji'),
(2221, 11, 160, 'Semboro'),
(2222, 11, 160, 'Silo'),
(2223, 11, 160, 'Sukorambi'),
(2224, 11, 160, 'Sukowono'),
(2225, 11, 160, 'Sumber Baru'),
(2226, 11, 160, 'Sumber Jambe'),
(2227, 11, 160, 'Sumber Sari'),
(2228, 11, 160, 'Tanggul'),
(2229, 11, 160, 'Tempurejo'),
(2230, 11, 160, 'Umbulsari'),
(2231, 11, 160, 'Wuluhan'),
(2232, 1, 161, 'Jembrana'),
(2233, 1, 161, 'Melaya'),
(2234, 1, 161, 'Mendoyo'),
(2235, 1, 161, 'Negara'),
(2236, 1, 161, 'Pekutatan'),
(2237, 28, 162, 'Arungkeke'),
(2238, 28, 162, 'Bangkala'),
(2239, 28, 162, 'Bangkala Barat'),
(2240, 28, 162, 'Batang'),
(2241, 28, 162, 'Binamu'),
(2242, 28, 162, 'Bontoramba'),
(2243, 28, 162, 'Kelara'),
(2244, 28, 162, 'Rumbia'),
(2245, 28, 162, 'Tamalatea'),
(2246, 28, 162, 'Tarowang'),
(2247, 28, 162, 'Turatea'),
(2248, 10, 163, 'Bangsri'),
(2249, 10, 163, 'Batealit'),
(2250, 10, 163, 'Donorojo'),
(2251, 10, 163, 'Jepara'),
(2252, 10, 163, 'Kalinyamatan'),
(2253, 10, 163, 'Karimunjawa'),
(2254, 10, 163, 'Kedung'),
(2255, 10, 163, 'Keling'),
(2256, 10, 163, 'Kembang'),
(2257, 10, 163, 'Mayong'),
(2258, 10, 163, 'Mlonggo'),
(2259, 10, 163, 'Nalumsari'),
(2260, 10, 163, 'Pakis Aji'),
(2261, 10, 163, 'Pecangaan'),
(2262, 10, 163, 'Tahunan'),
(2263, 10, 163, 'Welahan'),
(2264, 11, 164, 'Bandar Kedung Mulyo'),
(2265, 11, 164, 'Bareng'),
(2266, 11, 164, 'Diwek'),
(2267, 11, 164, 'Gudo'),
(2268, 11, 164, 'Jogoroto'),
(2269, 11, 164, 'Jombang'),
(2270, 11, 164, 'Kabuh'),
(2271, 11, 164, 'Kesamben'),
(2272, 11, 164, 'Kudu'),
(2273, 11, 164, 'Megaluh'),
(2274, 11, 164, 'Mojoagung'),
(2275, 11, 164, 'Mojowarno'),
(2276, 11, 164, 'Ngoro'),
(2277, 11, 164, 'Ngusikan'),
(2278, 11, 164, 'Perak'),
(2279, 11, 164, 'Peterongan'),
(2280, 11, 164, 'Plandaan'),
(2281, 11, 164, 'Ploso'),
(2282, 11, 164, 'Sumobito'),
(2283, 11, 164, 'Tembelang'),
(2284, 11, 164, 'Wonosalam'),
(2285, 25, 165, 'Buruway'),
(2286, 25, 165, 'Kaimana'),
(2287, 25, 165, 'Kambraw (Kamberau)'),
(2288, 25, 165, 'Teluk Arguni Atas'),
(2289, 25, 165, 'Teluk Arguni Bawah (Yerusi)'),
(2290, 25, 165, 'Teluk Etna'),
(2291, 25, 165, 'Yamor'),
(2292, 26, 166, 'Bangkinang'),
(2293, 26, 166, 'Bangkinang Seberang'),
(2294, 26, 166, 'Gunung Sahilan'),
(2295, 26, 166, 'Kampar'),
(2296, 26, 166, 'Kampar Kiri'),
(2297, 26, 166, 'Kampar Kiri Hilir'),
(2298, 26, 166, 'Kampar Kiri Hulu'),
(2299, 26, 166, 'Kampar Kiri Tengah'),
(2300, 26, 166, 'Kampar Timur'),
(2301, 26, 166, 'Kampar Utara'),
(2302, 26, 166, 'Koto Kampar Hulu'),
(2303, 26, 166, 'Kuok (Bangkinang Barat)'),
(2304, 26, 166, 'Perhentian Raja'),
(2305, 26, 166, 'Rumbio Jaya'),
(2306, 26, 166, 'Salo'),
(2307, 26, 166, 'Siak Hulu'),
(2308, 26, 166, 'Tambang'),
(2309, 26, 166, 'Tapung'),
(2310, 26, 166, 'Tapung Hilir'),
(2311, 26, 166, 'Tapung Hulu'),
(2312, 26, 166, 'XIII Koto Kampar'),
(2313, 14, 167, 'Basarang'),
(2314, 14, 167, 'Bataguh'),
(2315, 14, 167, 'Dadahup'),
(2316, 14, 167, 'Kapuas Barat'),
(2317, 14, 167, 'Kapuas Hilir'),
(2318, 14, 167, 'Kapuas Hulu'),
(2319, 14, 167, 'Kapuas Kuala'),
(2320, 14, 167, 'Kapuas Murung'),
(2321, 14, 167, 'Kapuas Tengah'),
(2322, 14, 167, 'Kapuas Timur'),
(2323, 14, 167, 'Mandau Talawang'),
(2324, 14, 167, 'Mantangai'),
(2325, 14, 167, 'Pasak Talawang'),
(2326, 14, 167, 'Pulau Petak'),
(2327, 14, 167, 'Selat'),
(2328, 14, 167, 'Tamban Catur'),
(2329, 14, 167, 'Timpah'),
(2330, 12, 168, 'Badau'),
(2331, 12, 168, 'Batang Lupar'),
(2332, 12, 168, 'Bika'),
(2333, 12, 168, 'Boyan Tanjung'),
(2334, 12, 168, 'Bunut Hilir'),
(2335, 12, 168, 'Bunut Hulu'),
(2336, 12, 168, 'Embaloh Hilir'),
(2337, 12, 168, 'Embaloh Hulu'),
(2338, 12, 168, 'Empanang'),
(2339, 12, 168, 'Hulu Gurung'),
(2340, 12, 168, 'Jongkong (Jengkong)'),
(2341, 12, 168, 'Kalis'),
(2342, 12, 168, 'Mentebah'),
(2343, 12, 168, 'Pengkadan (Batu Datu)'),
(2344, 12, 168, 'Puring Kencana'),
(2345, 12, 168, 'Putussibau Selatan'),
(2346, 12, 168, 'Putussibau Utara'),
(2347, 12, 168, 'Seberuang'),
(2348, 12, 168, 'Selimbau'),
(2349, 12, 168, 'Semitau'),
(2350, 12, 168, 'Silat Hilir'),
(2351, 12, 168, 'Silat Hulu'),
(2352, 12, 168, 'Suhaid'),
(2353, 10, 169, 'Colomadu'),
(2354, 10, 169, 'Gondangrejo'),
(2355, 10, 169, 'Jaten'),
(2356, 10, 169, 'Jatipuro'),
(2357, 10, 169, 'Jatiyoso'),
(2358, 10, 169, 'Jenawi'),
(2359, 10, 169, 'Jumantono'),
(2360, 10, 169, 'Jumapolo'),
(2361, 10, 169, 'Karanganyar'),
(2362, 10, 169, 'Karangpandan'),
(2363, 10, 169, 'Kebakkramat'),
(2364, 10, 169, 'Kerjo'),
(2365, 10, 169, 'Matesih'),
(2366, 10, 169, 'Mojogedang'),
(2367, 10, 169, 'Ngargoyoso'),
(2368, 10, 169, 'Tasikmadu'),
(2369, 10, 169, 'Tawangmangu'),
(2370, 1, 170, 'Abang'),
(2371, 1, 170, 'Bebandem'),
(2372, 1, 170, 'Karang Asem'),
(2373, 1, 170, 'Kubu'),
(2374, 1, 170, 'Manggis'),
(2375, 1, 170, 'Rendang'),
(2376, 1, 170, 'Selat'),
(2377, 1, 170, 'Sidemen'),
(2378, 9, 171, 'Banyusari'),
(2379, 9, 171, 'Batujaya'),
(2380, 9, 171, 'Ciampel'),
(2381, 9, 171, 'Cibuaya'),
(2382, 9, 171, 'Cikampek'),
(2383, 9, 171, 'Cilamaya Kulon'),
(2384, 9, 171, 'Cilamaya Wetan'),
(2385, 9, 171, 'Cilebar'),
(2386, 9, 171, 'Jatisari'),
(2387, 9, 171, 'Jayakerta'),
(2388, 9, 171, 'Karawang Barat'),
(2389, 9, 171, 'Karawang Timur'),
(2390, 9, 171, 'Klari'),
(2391, 9, 171, 'Kotabaru'),
(2392, 9, 171, 'Kutawaluya'),
(2393, 9, 171, 'Lemahabang'),
(2394, 9, 171, 'Majalaya'),
(2395, 9, 171, 'Pakisjaya'),
(2396, 9, 171, 'Pangkalan'),
(2397, 9, 171, 'Pedes'),
(2398, 9, 171, 'Purwasari'),
(2399, 9, 171, 'Rawamerta'),
(2400, 9, 171, 'Rengasdengklok'),
(2401, 9, 171, 'Talagasari'),
(2402, 9, 171, 'Tegalwaru'),
(2403, 9, 171, 'Telukjambe Barat'),
(2404, 9, 171, 'Telukjambe Timur'),
(2405, 9, 171, 'Tempuran'),
(2406, 9, 171, 'Tirtajaya'),
(2407, 9, 171, 'Tirtamulya'),
(2408, 17, 172, 'Belat'),
(2409, 17, 172, 'Buru'),
(2410, 17, 172, 'Durai'),
(2411, 17, 172, 'Karimun'),
(2412, 17, 172, 'Kundur'),
(2413, 17, 172, 'Kundur Barat'),
(2414, 17, 172, 'Kundur Utara'),
(2415, 17, 172, 'Meral'),
(2416, 17, 172, 'Meral Barat'),
(2417, 17, 172, 'Moro'),
(2418, 17, 172, 'Tebing'),
(2419, 17, 172, 'Ungar'),
(2420, 34, 173, 'Barus Jahe'),
(2421, 34, 173, 'Brastagi (Berastagi)'),
(2422, 34, 173, 'Dolat Rayat'),
(2423, 34, 173, 'Juhar'),
(2424, 34, 173, 'Kabanjahe'),
(2425, 34, 173, 'Kuta Buluh'),
(2426, 34, 173, 'Laubaleng'),
(2427, 34, 173, 'Mardinding'),
(2428, 34, 173, 'Merdeka'),
(2429, 34, 173, 'Merek'),
(2430, 34, 173, 'Munte'),
(2431, 34, 173, 'Nama Teran'),
(2432, 34, 173, 'Payung'),
(2433, 34, 173, 'Simpang Empat'),
(2434, 34, 173, 'Tiga Binanga'),
(2435, 34, 173, 'Tiga Panah'),
(2436, 34, 173, 'Tiganderket'),
(2437, 14, 174, 'Bukit Raya'),
(2438, 14, 174, 'Kamipang'),
(2439, 14, 174, 'Katingan Hilir'),
(2440, 14, 174, 'Katingan Hulu'),
(2441, 14, 174, 'Katingan Kuala'),
(2442, 14, 174, 'Katingan Tengah'),
(2443, 14, 174, 'Marikit'),
(2444, 14, 174, 'Mendawai'),
(2445, 14, 174, 'Petak Malai'),
(2446, 14, 174, 'Pulau Malan'),
(2447, 14, 174, 'Sanaman Mantikei (Senamang Mantikei)'),
(2448, 14, 174, 'Tasik Payawan'),
(2449, 14, 174, 'Tewang Sanggalang Garing (Sangalang)'),
(2450, 4, 175, 'Kaur Selatan'),
(2451, 4, 175, 'Kaur Tengah'),
(2452, 4, 175, 'Kaur Utara'),
(2453, 4, 175, 'Kelam Tengah'),
(2454, 4, 175, 'Kinal'),
(2455, 4, 175, 'Luas'),
(2456, 4, 175, 'Lungkang Kule'),
(2457, 4, 175, 'Maje'),
(2458, 4, 175, 'Muara Sahung'),
(2459, 4, 175, 'Nasal'),
(2460, 4, 175, 'Padang Guci Hilir'),
(2461, 4, 175, 'Padang Guci Hulu'),
(2462, 4, 175, 'Semidang Gumai (Gumay)'),
(2463, 4, 175, 'Tanjung Kemuning'),
(2464, 4, 175, 'Tetap (Muara Tetap)'),
(2465, 12, 176, 'Kepulauan Karimata'),
(2466, 12, 176, 'Pulau Maya (Pulau Maya Karimata)'),
(2467, 12, 176, 'Seponti'),
(2468, 12, 176, 'Simpang Hilir'),
(2469, 12, 176, 'Sukadana'),
(2470, 12, 176, 'Teluk Batang'),
(2471, 10, 177, 'Adimulyo'),
(2472, 10, 177, 'Alian/Aliyan'),
(2473, 10, 177, 'Ambal'),
(2474, 10, 177, 'Ayah'),
(2475, 10, 177, 'Bonorowo'),
(2476, 10, 177, 'Buayan'),
(2477, 10, 177, 'Buluspesantren'),
(2478, 10, 177, 'Gombong'),
(2479, 10, 177, 'Karanganyar'),
(2480, 10, 177, 'Karanggayam'),
(2481, 10, 177, 'Karangsambung'),
(2482, 10, 177, 'Kebumen'),
(2483, 10, 177, 'Klirong'),
(2484, 10, 177, 'Kutowinangun'),
(2485, 10, 177, 'Kuwarasan'),
(2486, 10, 177, 'Mirit'),
(2487, 10, 177, 'Padureso'),
(2488, 10, 177, 'Pejagoan'),
(2489, 10, 177, 'Petanahan'),
(2490, 10, 177, 'Poncowarno'),
(2491, 10, 177, 'Prembun'),
(2492, 10, 177, 'Puring'),
(2493, 10, 177, 'Rowokele'),
(2494, 10, 177, 'Sadang'),
(2495, 10, 177, 'Sempor'),
(2496, 10, 177, 'Sruweng'),
(2497, 11, 178, 'Badas'),
(2498, 11, 178, 'Banyakan'),
(2499, 11, 178, 'Gampengrejo'),
(2500, 11, 178, 'Grogol'),
(2501, 11, 178, 'Gurah'),
(2502, 11, 178, 'Kandangan'),
(2503, 11, 178, 'Kandat'),
(2504, 11, 178, 'Kayen Kidul'),
(2505, 11, 178, 'Kepung'),
(2506, 11, 178, 'Kras'),
(2507, 11, 178, 'Kunjang'),
(2508, 11, 178, 'Mojo'),
(2509, 11, 178, 'Ngadiluwih'),
(2510, 11, 178, 'Ngancar'),
(2511, 11, 178, 'Ngasem'),
(2512, 11, 178, 'Pagu'),
(2513, 11, 178, 'Papar'),
(2514, 11, 178, 'Pare'),
(2515, 11, 178, 'Plemahan'),
(2516, 11, 178, 'Plosoklaten'),
(2517, 11, 178, 'Puncu'),
(2518, 11, 178, 'Purwoasri'),
(2519, 11, 178, 'Ringinrejo'),
(2520, 11, 178, 'Semen'),
(2521, 11, 178, 'Tarokan'),
(2522, 11, 178, 'Wates'),
(2523, 11, 179, 'Kediri Kota'),
(2524, 11, 179, 'Mojoroto'),
(2525, 11, 179, 'Pesantren'),
(2526, 24, 180, 'Arso'),
(2527, 24, 180, 'Arso Timur'),
(2528, 24, 180, 'Senggi'),
(2529, 24, 180, 'Skamto (Skanto)'),
(2530, 24, 180, 'Towe'),
(2531, 24, 180, 'Waris'),
(2532, 24, 180, 'Web'),
(2533, 10, 181, 'Boja'),
(2534, 10, 181, 'Brangsong'),
(2535, 10, 181, 'Cepiring'),
(2536, 10, 181, 'Gemuh'),
(2537, 10, 181, 'Kaliwungu'),
(2538, 10, 181, 'Kaliwungu Selatan'),
(2539, 10, 181, 'Kangkung'),
(2540, 10, 181, 'Kendal'),
(2541, 10, 181, 'Limbangan'),
(2542, 10, 181, 'Ngampel'),
(2543, 10, 181, 'Pagerruyung'),
(2544, 10, 181, 'Patean'),
(2545, 10, 181, 'Patebon'),
(2546, 10, 181, 'Pegandon'),
(2547, 10, 181, 'Plantungan'),
(2548, 10, 181, 'Ringinarum'),
(2549, 10, 181, 'Rowosari'),
(2550, 10, 181, 'Singorojo'),
(2551, 10, 181, 'Sukorejo'),
(2552, 10, 181, 'Weleri'),
(2553, 30, 182, 'Abeli'),
(2554, 30, 182, 'Baruga'),
(2555, 30, 182, 'Kadia'),
(2556, 30, 182, 'Kambu'),
(2557, 30, 182, 'Kendari'),
(2558, 30, 182, 'Kendari Barat'),
(2559, 30, 182, 'Mandonga'),
(2560, 30, 182, 'Poasia'),
(2561, 30, 182, 'Puuwatu'),
(2562, 30, 182, 'Wua-Wua'),
(2563, 4, 183, 'Bermani Ilir'),
(2564, 4, 183, 'Kebawetan (Kabawetan)'),
(2565, 4, 183, 'Kepahiang'),
(2566, 4, 183, 'Merigi'),
(2567, 4, 183, 'Muara Kemumu'),
(2568, 4, 183, 'Seberang Musi'),
(2569, 4, 183, 'Tebat Karai'),
(2570, 4, 183, 'Ujan Mas'),
(2571, 17, 184, 'Jemaja'),
(2572, 17, 184, 'Jemaja Timur'),
(2573, 17, 184, 'Palmatak'),
(2574, 17, 184, 'Siantan'),
(2575, 17, 184, 'Siantan Selatan'),
(2576, 17, 184, 'Siantan Tengah'),
(2577, 17, 184, 'Siantan Timur'),
(2578, 19, 185, 'Aru Selatan'),
(2579, 19, 185, 'Aru Selatan Timur'),
(2580, 19, 185, 'Aru Selatan Utara'),
(2581, 19, 185, 'Aru Tengah'),
(2582, 19, 185, 'Aru Tengah Selatan'),
(2583, 19, 185, 'Aru Tengah Timur'),
(2584, 19, 185, 'Aru Utara'),
(2585, 19, 185, 'Aru Utara Timur Batuley'),
(2586, 19, 185, 'Pulau-Pulau Aru'),
(2587, 19, 185, 'Sir-Sir'),
(2588, 32, 186, 'Pagai Selatan'),
(2589, 32, 186, 'Pagai Utara'),
(2590, 32, 186, 'Siberut Barat'),
(2591, 32, 186, 'Siberut Barat Daya'),
(2592, 32, 186, 'Siberut Selatan'),
(2593, 32, 186, 'Siberut Tengah'),
(2594, 32, 186, 'Siberut Utara'),
(2595, 32, 186, 'Sikakap'),
(2596, 32, 186, 'Sipora Selatan'),
(2597, 32, 186, 'Sipora Utara'),
(2598, 26, 187, 'Merbau'),
(2599, 26, 187, 'Pulaumerbau'),
(2600, 26, 187, 'Rangsang'),
(2601, 26, 187, 'Rangsang Barat'),
(2602, 26, 187, 'Rangsang Pesisir'),
(2603, 26, 187, 'Tasik Putri Puyu'),
(2604, 26, 187, 'Tebing Tinggi'),
(2605, 26, 187, 'Tebing Tinggi Barat'),
(2606, 26, 187, 'Tebing Tinggi Timur'),
(2607, 31, 188, 'Kendahe'),
(2608, 31, 188, 'Kepulauan Marore'),
(2609, 31, 188, 'Manganitu'),
(2610, 31, 188, 'Manganitu Selatan'),
(2611, 31, 188, 'Nusa Tabukan'),
(2612, 31, 188, 'Tabukan Selatan'),
(2613, 31, 188, 'Tabukan Selatan Tengah'),
(2614, 31, 188, 'Tabukan Selatan Tenggara'),
(2615, 31, 188, 'Tabukan Tengah'),
(2616, 31, 188, 'Tabukan Utara'),
(2617, 31, 188, 'Tahuna'),
(2618, 31, 188, 'Tahuna Barat'),
(2619, 31, 188, 'Tahuna Timur'),
(2620, 31, 188, 'Tamako'),
(2621, 31, 188, 'Tatoareng'),
(2622, 6, 189, 'Kepulauan Seribu Selatan'),
(2623, 6, 189, 'Kepulauan Seribu Utara'),
(2624, 31, 190, 'Biaro'),
(2625, 31, 190, 'Siau Barat'),
(2626, 31, 190, 'Siau Barat Selatan'),
(2627, 31, 190, 'Siau Barat Utara'),
(2628, 31, 190, 'Siau Tengah'),
(2629, 31, 190, 'Siau Timur'),
(2630, 31, 190, 'Siau Timur Selatan'),
(2631, 31, 190, 'Tagulandang'),
(2632, 31, 190, 'Tagulandang Selatan'),
(2633, 31, 190, 'Tagulandang Utara'),
(2634, 20, 191, 'Lede'),
(2635, 20, 191, 'Mangoli Barat'),
(2636, 20, 191, 'Mangoli Selatan'),
(2637, 20, 191, 'Mangoli Tengah'),
(2638, 20, 191, 'Mangoli Timur'),
(2639, 20, 191, 'Mangoli Utara'),
(2640, 20, 191, 'Mangoli Utara Timur'),
(2641, 20, 191, 'Sanana'),
(2642, 20, 191, 'Sanana Utara'),
(2643, 20, 191, 'Sulabesi Barat'),
(2644, 20, 191, 'Sulabesi Selatan'),
(2645, 20, 191, 'Sulabesi Tengah'),
(2646, 20, 191, 'Sulabesi Timur'),
(2647, 20, 191, 'Taliabu Barat'),
(2648, 20, 191, 'Taliabu Barat Laut'),
(2649, 20, 191, 'Taliabu Selatan'),
(2650, 20, 191, 'Taliabu Timur'),
(2651, 20, 191, 'Taliabu Timur Selatan'),
(2652, 20, 191, 'Taliabu Utara'),
(2653, 31, 192, 'Beo'),
(2654, 31, 192, 'Beo Selatan'),
(2655, 31, 192, 'Beo Utara'),
(2656, 31, 192, 'Damao (Damau)'),
(2657, 31, 192, 'Essang'),
(2658, 31, 192, 'Essang Selatan'),
(2659, 31, 192, 'Gemeh'),
(2660, 31, 192, 'Kabaruan'),
(2661, 31, 192, 'Kalongan'),
(2662, 31, 192, 'Lirung'),
(2663, 31, 192, 'Melonguane'),
(2664, 31, 192, 'Melonguane Timur'),
(2665, 31, 192, 'Miangas'),
(2666, 31, 192, 'Moronge'),
(2667, 31, 192, 'Nanusa'),
(2668, 31, 192, 'Pulutan'),
(2669, 31, 192, 'Rainis'),
(2670, 31, 192, 'Salibabu'),
(2671, 31, 192, 'Tampan Amma'),
(2672, 24, 193, 'Angkaisera'),
(2673, 24, 193, 'Kepulauan Ambai'),
(2674, 24, 193, 'Kosiwo'),
(2675, 24, 193, 'Poom'),
(2676, 24, 193, 'Pulau Kurudu'),
(2677, 24, 193, 'Pulau Yerui'),
(2678, 24, 193, 'Raimbawi'),
(2679, 24, 193, 'Teluk Ampimoi'),
(2680, 24, 193, 'Windesi'),
(2681, 24, 193, 'Wonawa'),
(2682, 24, 193, 'Yapen Barat'),
(2683, 24, 193, 'Yapen Selatan'),
(2684, 24, 193, 'Yapen Timur'),
(2685, 24, 193, 'Yapen Utara'),
(2686, 8, 194, 'Air Hangat'),
(2687, 8, 194, 'Air Hangat Barat'),
(2688, 8, 194, 'Air Hangat Timur'),
(2689, 8, 194, 'Batang Merangin'),
(2690, 8, 194, 'Bukitkerman'),
(2691, 8, 194, 'Danau Kerinci'),
(2692, 8, 194, 'Depati Tujuh'),
(2693, 8, 194, 'Gunung Kerinci'),
(2694, 8, 194, 'Gunung Raya'),
(2695, 8, 194, 'Gunung Tujuh'),
(2696, 8, 194, 'Kayu Aro'),
(2697, 8, 194, 'Kayu Aro Barat'),
(2698, 8, 194, 'Keliling Danau'),
(2699, 8, 194, 'Sitinjau Laut'),
(2700, 8, 194, 'Siulak'),
(2701, 8, 194, 'Siulak Mukai'),
(2702, 12, 195, 'Air Upas'),
(2703, 12, 195, 'Benua Kayong'),
(2704, 12, 195, 'Delta Pawan'),
(2705, 12, 195, 'Hulu Sungai'),
(2706, 12, 195, 'Jelai Hulu'),
(2707, 12, 195, 'Kendawangan'),
(2708, 12, 195, 'Manis Mata'),
(2709, 12, 195, 'Marau'),
(2710, 12, 195, 'Matan Hilir Selatan'),
(2711, 12, 195, 'Matan Hilir Utara'),
(2712, 12, 195, 'Muara Pawan'),
(2713, 12, 195, 'Nanga Tayap'),
(2714, 12, 195, 'Pemahan'),
(2715, 12, 195, 'Sandai'),
(2716, 12, 195, 'Simpang Dua'),
(2717, 12, 195, 'Simpang Hulu'),
(2718, 12, 195, 'Singkup'),
(2719, 12, 195, 'Sungai Laur'),
(2720, 12, 195, 'Sungai Melayu Rayak'),
(2721, 12, 195, 'Tumbang Titi'),
(2722, 10, 196, 'Bayat'),
(2723, 10, 196, 'Cawas'),
(2724, 10, 196, 'Ceper'),
(2725, 10, 196, 'Delanggu'),
(2726, 10, 196, 'Gantiwarno'),
(2727, 10, 196, 'Jatinom'),
(2728, 10, 196, 'Jogonalan'),
(2729, 10, 196, 'Juwiring'),
(2730, 10, 196, 'Kalikotes'),
(2731, 10, 196, 'Karanganom'),
(2732, 10, 196, 'Karangdowo'),
(2733, 10, 196, 'Karangnongko'),
(2734, 10, 196, 'Kebonarum'),
(2735, 10, 196, 'Kemalang'),
(2736, 10, 196, 'Klaten Selatan'),
(2737, 10, 196, 'Klaten Tengah'),
(2738, 10, 196, 'Klaten Utara'),
(2739, 10, 196, 'Manisrenggo'),
(2740, 10, 196, 'Ngawen'),
(2741, 10, 196, 'Pedan'),
(2742, 10, 196, 'Polanharjo'),
(2743, 10, 196, 'Prambanan'),
(2744, 10, 196, 'Trucuk'),
(2745, 10, 196, 'Tulung'),
(2746, 10, 196, 'Wedi'),
(2747, 10, 196, 'Wonosari'),
(2748, 1, 197, 'Banjarangkan'),
(2749, 1, 197, 'Dawan'),
(2750, 1, 197, 'Klungkung'),
(2751, 1, 197, 'Nusapenida'),
(2752, 30, 198, 'Baula'),
(2753, 30, 198, 'Kolaka'),
(2754, 30, 198, 'Ladongi'),
(2755, 30, 198, 'Lalolae'),
(2756, 30, 198, 'Lambandia (Lambadia)'),
(2757, 30, 198, 'Latambaga'),
(2758, 30, 198, 'Loea'),
(2759, 30, 198, 'Mowewe'),
(2760, 30, 198, 'Poli Polia'),
(2761, 30, 198, 'Polinggona'),
(2762, 30, 198, 'Pomalaa'),
(2763, 30, 198, 'Samaturu'),
(2764, 30, 198, 'Tanggetada'),
(2765, 30, 198, 'Tinondo'),
(2766, 30, 198, 'Tirawuta'),
(2767, 30, 198, 'Toari'),
(2768, 30, 198, 'Uluiwoi'),
(2769, 30, 198, 'Watumbangga (Watubanggo)'),
(2770, 30, 198, 'Wolo'),
(2771, 30, 198, 'Wundulako'),
(2772, 30, 199, 'Batu Putih'),
(2773, 30, 199, 'Katoi'),
(2774, 30, 199, 'Kodeoha'),
(2775, 30, 199, 'Lasusua'),
(2776, 30, 199, 'Lombai (Lambai)'),
(2777, 30, 199, 'Ngapa'),
(2778, 30, 199, 'Pakue'),
(2779, 30, 199, 'Pakue Tengah'),
(2780, 30, 199, 'Pakue Utara'),
(2781, 30, 199, 'Porehu'),
(2782, 30, 199, 'Ranteangin'),
(2783, 30, 199, 'Tiwu'),
(2784, 30, 199, 'Tolala'),
(2785, 30, 199, 'Watunohu'),
(2786, 30, 199, 'Wawo'),
(2787, 30, 200, 'Abuki'),
(2788, 30, 200, 'Amonggedo'),
(2789, 30, 200, 'Anggaberi'),
(2790, 30, 200, 'Asinua'),
(2791, 30, 200, 'Besulutu'),
(2792, 30, 200, 'Bondoala'),
(2793, 30, 200, 'Kapoiala (Kapoyala)'),
(2794, 30, 200, 'Konawe'),
(2795, 30, 200, 'Lalonggasumeeto'),
(2796, 30, 200, 'Lambuya'),
(2797, 30, 200, 'Latoma'),
(2798, 30, 200, 'Meluhu'),
(2799, 30, 200, 'Onembute'),
(2800, 30, 200, 'Pondidaha'),
(2801, 30, 200, 'Puriala'),
(2802, 30, 200, 'Routa'),
(2803, 30, 200, 'Sampara'),
(2804, 30, 200, 'Soropia'),
(2805, 30, 200, 'Tongauna'),
(2806, 30, 200, 'Uepai (Uwepai)'),
(2807, 30, 200, 'Unaaha'),
(2808, 30, 200, 'Wawonii Barat'),
(2809, 30, 200, 'Wawonii Selatan'),
(2810, 30, 200, 'Wawonii Tengah'),
(2811, 30, 200, 'Wawonii Tenggara'),
(2812, 30, 200, 'Wawonii Timur'),
(2813, 30, 200, 'Wawonii Timur Laut'),
(2814, 30, 200, 'Wawonii Utara'),
(2815, 30, 200, 'Wawotobi'),
(2816, 30, 200, 'Wonggeduku'),
(2817, 30, 201, 'Andoolo'),
(2818, 30, 201, 'Angata'),
(2819, 30, 201, 'Baito'),
(2820, 30, 201, 'Basala'),
(2821, 30, 201, 'Benua'),
(2822, 30, 201, 'Buke'),
(2823, 30, 201, 'Kolono'),
(2824, 30, 201, 'Konda'),
(2825, 30, 201, 'Laeya'),
(2826, 30, 201, 'Lainea'),
(2827, 30, 201, 'Lalembuu / Lalumbuu'),
(2828, 30, 201, 'Landono'),
(2829, 30, 201, 'Laonti'),
(2830, 30, 201, 'Moramo'),
(2831, 30, 201, 'Moramo Utara'),
(2832, 30, 201, 'Mowila'),
(2833, 30, 201, 'Palangga'),
(2834, 30, 201, 'Palangga Selatan'),
(2835, 30, 201, 'Ranomeeto'),
(2836, 30, 201, 'Ranomeeto Barat'),
(2837, 30, 201, 'Tinanggea'),
(2838, 30, 201, 'Wolasi'),
(2839, 30, 202, 'Andowia'),
(2840, 30, 202, 'Asera'),
(2841, 30, 202, 'Langgikima'),
(2842, 30, 202, 'Lasolo'),
(2843, 30, 202, 'Lembo'),
(2844, 30, 202, 'Molawe'),
(2845, 30, 202, 'Motui'),
(2846, 30, 202, 'Oheo'),
(2847, 30, 202, 'Sawa'),
(2848, 30, 202, 'Wiwirano'),
(2849, 13, 203, 'Hampang'),
(2850, 13, 203, 'Kelumpang Barat'),
(2851, 13, 203, 'Kelumpang Hilir'),
(2852, 13, 203, 'Kelumpang Hulu'),
(2853, 13, 203, 'Kelumpang Selatan'),
(2854, 13, 203, 'Kelumpang Tengah'),
(2855, 13, 203, 'Kelumpang Utara'),
(2856, 13, 203, 'Pamukan Barat'),
(2857, 13, 203, 'Pamukan Selatan'),
(2858, 13, 203, 'Pamukan Utara'),
(2859, 13, 203, 'Pulau Laut Barat'),
(2860, 13, 203, 'Pulau Laut Kepulauan'),
(2861, 13, 203, 'Pulau Laut Selatan'),
(2862, 13, 203, 'Pulau Laut Tanjung Selayar'),
(2863, 13, 203, 'Pulau Laut Tengah'),
(2864, 13, 203, 'Pulau Laut Timur'),
(2865, 13, 203, 'Pulau Laut Utara'),
(2866, 13, 203, 'Pulau Sebuku'),
(2867, 13, 203, 'Pulau Sembilan'),
(2868, 13, 203, 'Sampanahan'),
(2869, 13, 203, 'Sungai Durian'),
(2870, 31, 204, 'Kotamobagu Barat'),
(2871, 31, 204, 'Kotamobagu Selatan'),
(2872, 31, 204, 'Kotamobagu Timur'),
(2873, 31, 204, 'Kotamobagu Utara'),
(2874, 14, 205, 'Arut Selatan'),
(2875, 14, 205, 'Arut Utara'),
(2876, 14, 205, 'Kotawaringin Lama'),
(2877, 14, 205, 'Kumai'),
(2878, 14, 205, 'Pangkalan Banteng'),
(2879, 14, 205, 'Pangkalan Lada'),
(2880, 14, 206, 'Antang Kalang'),
(2881, 14, 206, 'Baamang'),
(2882, 14, 206, 'Bukit Santuei'),
(2883, 14, 206, 'Cempaga'),
(2884, 14, 206, 'Cempaga Hulu'),
(2885, 14, 206, 'Kota Besi'),
(2886, 14, 206, 'Mentawa Baru (Ketapang)'),
(2887, 14, 206, 'Mentaya Hilir Selatan'),
(2888, 14, 206, 'Mentaya Hilir Utara'),
(2889, 14, 206, 'Mentaya Hulu'),
(2890, 14, 206, 'Parenggean'),
(2891, 14, 206, 'Pulau Hanaut'),
(2892, 14, 206, 'Seranau'),
(2893, 14, 206, 'Telaga Antang'),
(2894, 14, 206, 'Telawang'),
(2895, 14, 206, 'Teluk Sampit'),
(2896, 14, 206, 'Tualan Hulu'),
(2897, 26, 207, 'Benai'),
(2898, 26, 207, 'Cerenti'),
(2899, 26, 207, 'Gunung Toar'),
(2900, 26, 207, 'Hulu Kuantan'),
(2901, 26, 207, 'Inuman'),
(2902, 26, 207, 'Kuantan Hilir'),
(2903, 26, 207, 'Kuantan Hilir Seberang'),
(2904, 26, 207, 'Kuantan Mudik'),
(2905, 26, 207, 'Kuantan Tengah'),
(2906, 26, 207, 'Logas Tanah Darat'),
(2907, 26, 207, 'Pangean'),
(2908, 26, 207, 'Pucuk Rantau'),
(2909, 26, 207, 'Sentajo Raya'),
(2910, 26, 207, 'Singingi'),
(2911, 26, 207, 'Singingi Hilir'),
(2912, 12, 208, 'Batu Ampar'),
(2913, 12, 208, 'Kuala Mandor-B'),
(2914, 12, 208, 'Kubu'),
(2915, 12, 208, 'Rasau Jaya'),
(2916, 12, 208, 'Sei/Sungai Ambawang'),
(2917, 12, 208, 'Sei/Sungai Kakap'),
(2918, 12, 208, 'Sei/Sungai Raya'),
(2919, 12, 208, 'Teluk/Telok Pakedai'),
(2920, 12, 208, 'Terentang'),
(2921, 10, 209, 'Bae'),
(2922, 10, 209, 'Dawe'),
(2923, 10, 209, 'Gebog'),
(2924, 10, 209, 'Jati'),
(2925, 10, 209, 'Jekulo'),
(2926, 10, 209, 'Kaliwungu'),
(2927, 10, 209, 'Kudus Kota'),
(2928, 10, 209, 'Mejobo'),
(2929, 10, 209, 'Undaan'),
(2930, 5, 210, 'Galur'),
(2931, 5, 210, 'Girimulyo'),
(2932, 5, 210, 'Kalibawang'),
(2933, 5, 210, 'Kokap'),
(2934, 5, 210, 'Lendah'),
(2935, 5, 210, 'Nanggulan'),
(2936, 5, 210, 'Panjatan'),
(2937, 5, 210, 'Pengasih'),
(2938, 5, 210, 'Samigaluh'),
(2939, 5, 210, 'Sentolo'),
(2940, 5, 210, 'Temon'),
(2941, 5, 210, 'Wates'),
(2942, 9, 211, 'Ciawigebang'),
(2943, 9, 211, 'Cibeureum'),
(2944, 9, 211, 'Cibingbin'),
(2945, 9, 211, 'Cidahu'),
(2946, 9, 211, 'Cigandamekar'),
(2947, 9, 211, 'Cigugur'),
(2948, 9, 211, 'Cilebak'),
(2949, 9, 211, 'Cilimus'),
(2950, 9, 211, 'Cimahi'),
(2951, 9, 211, 'Ciniru'),
(2952, 9, 211, 'Cipicung'),
(2953, 9, 211, 'Ciwaru'),
(2954, 9, 211, 'Darma'),
(2955, 9, 211, 'Garawangi'),
(2956, 9, 211, 'Hantara'),
(2957, 9, 211, 'Jalaksana'),
(2958, 9, 211, 'Japara'),
(2959, 9, 211, 'Kadugede'),
(2960, 9, 211, 'Kalimanggis'),
(2961, 9, 211, 'Karangkancana'),
(2962, 9, 211, 'Kramat Mulya'),
(2963, 9, 211, 'Kuningan'),
(2964, 9, 211, 'Lebakwangi'),
(2965, 9, 211, 'Luragung'),
(2966, 9, 211, 'Maleber'),
(2967, 9, 211, 'Mandirancan'),
(2968, 9, 211, 'Nusaherang'),
(2969, 9, 211, 'Pancalang'),
(2970, 9, 211, 'Pasawahan'),
(2971, 9, 211, 'Selajambe'),
(2972, 9, 211, 'Sindangagung'),
(2973, 9, 211, 'Subang'),
(2974, 23, 212, 'Amabi Oefeto'),
(2975, 23, 212, 'Amabi Oefeto Timur'),
(2976, 23, 212, 'Amarasi'),
(2977, 23, 212, 'Amarasi Barat'),
(2978, 23, 212, 'Amarasi Selatan'),
(2979, 23, 212, 'Amarasi Timur'),
(2980, 23, 212, 'Amfoang Barat Daya'),
(2981, 23, 212, 'Amfoang Barat Laut'),
(2982, 23, 212, 'Amfoang Selatan'),
(2983, 23, 212, 'Amfoang Tengah'),
(2984, 23, 212, 'Amfoang Timur'),
(2985, 23, 212, 'Amfoang Utara'),
(2986, 23, 212, 'Fatuleu'),
(2987, 23, 212, 'Fatuleu Barat'),
(2988, 23, 212, 'Fatuleu Tengah'),
(2989, 23, 212, 'Kupang Barat'),
(2990, 23, 212, 'Kupang Tengah'),
(2991, 23, 212, 'Kupang Timur'),
(2992, 23, 212, 'Nekamese'),
(2993, 23, 212, 'Semau'),
(2994, 23, 212, 'Semau Selatan'),
(2995, 23, 212, 'Sulamu'),
(2996, 23, 212, 'Taebenu'),
(2997, 23, 212, 'Takari'),
(2998, 23, 213, 'Alak'),
(2999, 23, 213, 'Kelapa Lima'),
(3000, 23, 213, 'Kota Lama'),
(3001, 23, 213, 'Kota Raja'),
(3002, 23, 213, 'Maulafa'),
(3003, 23, 213, 'Oebobo'),
(3004, 15, 214, 'Barong Tongkok'),
(3005, 15, 214, 'Bentian Besar'),
(3006, 15, 214, 'Bongan'),
(3007, 15, 214, 'Damai'),
(3008, 15, 214, 'Jempang'),
(3009, 15, 214, 'Laham'),
(3010, 15, 214, 'Linggang Bigung'),
(3011, 15, 214, 'Long Apari'),
(3012, 15, 214, 'Long Bagun'),
(3013, 15, 214, 'Long Hubung'),
(3014, 15, 214, 'Long Iram'),
(3015, 15, 214, 'Long Pahangai'),
(3016, 15, 214, 'Manor Bulatin (Mook Manaar Bulatn)'),
(3017, 15, 214, 'Melak'),
(3018, 15, 214, 'Muara Lawa'),
(3019, 15, 214, 'Muara Pahu'),
(3020, 15, 214, 'Nyuatan'),
(3021, 15, 214, 'Penyinggahan'),
(3022, 15, 214, 'Sekolaq Darat'),
(3023, 15, 214, 'Siluq Ngurai'),
(3024, 15, 214, 'Tering'),
(3025, 15, 215, 'Anggana'),
(3026, 15, 215, 'Kembang Janggut'),
(3027, 15, 215, 'Kenohan'),
(3028, 15, 215, 'Kota Bangun'),
(3029, 15, 215, 'Loa Janan'),
(3030, 15, 215, 'Loa Kulu'),
(3031, 15, 215, 'Marang Kayu'),
(3032, 15, 215, 'Muara Badak'),
(3033, 15, 215, 'Muara Jawa'),
(3034, 15, 215, 'Muara Kaman'),
(3035, 15, 215, 'Muara Muntai'),
(3036, 15, 215, 'Muara Wis'),
(3037, 15, 215, 'Samboja (Semboja)'),
(3038, 15, 215, 'Sanga-Sanga'),
(3039, 15, 215, 'Sebulu'),
(3040, 15, 215, 'Tabang'),
(3041, 15, 215, 'Tenggarong'),
(3042, 15, 215, 'Tenggarong Seberang'),
(3043, 15, 216, 'Batu Ampar'),
(3044, 15, 216, 'Bengalon'),
(3045, 15, 216, 'Busang'),
(3046, 15, 216, 'Kaliorang'),
(3047, 15, 216, 'Karangan'),
(3048, 15, 216, 'Kaubun'),
(3049, 15, 216, 'Kongbeng'),
(3050, 15, 216, 'Long Mesangat (Mesengat)'),
(3051, 15, 216, 'Muara Ancalong'),
(3052, 15, 216, 'Muara Bengkal'),
(3053, 15, 216, 'Muara Wahau'),
(3054, 15, 216, 'Rantau Pulung'),
(3055, 15, 216, 'Sandaran'),
(3056, 15, 216, 'Sangatta Selatan'),
(3057, 15, 216, 'Sangatta Utara'),
(3058, 15, 216, 'Sangkulirang'),
(3059, 15, 216, 'Telen'),
(3060, 15, 216, 'Teluk Pandan'),
(3061, 34, 217, 'Bilah Barat'),
(3062, 34, 217, 'Bilah Hilir'),
(3063, 34, 217, 'Bilah Hulu'),
(3064, 34, 217, 'Panai Hilir'),
(3065, 34, 217, 'Panai Hulu'),
(3066, 34, 217, 'Panai Tengah'),
(3067, 34, 217, 'Pangkatan'),
(3068, 34, 217, 'Rantau Selatan'),
(3069, 34, 217, 'Rantau Utara'),
(3070, 34, 218, 'Kampung Rakyat'),
(3071, 34, 218, 'Kota Pinang'),
(3072, 34, 218, 'Sei/Sungai Kanan'),
(3073, 34, 218, 'Silangkitang'),
(3074, 34, 218, 'Torgamba'),
(3075, 34, 219, 'Aek Kuo'),
(3076, 34, 219, 'Aek Natas'),
(3077, 34, 219, 'Kuala Ledong (Kualuh Leidong)'),
(3078, 34, 219, 'Kualuh Hilir'),
(3079, 34, 219, 'Kualuh Hulu'),
(3080, 34, 219, 'Kualuh Selatan'),
(3081, 34, 219, 'Marbau'),
(3082, 34, 219, 'Na IX-X'),
(3083, 33, 220, 'Gumay Talang'),
(3084, 33, 220, 'Gumay Ulu'),
(3085, 33, 220, 'Jarai'),
(3086, 33, 220, 'Kikim Barat'),
(3087, 33, 220, 'Kikim Selatan'),
(3088, 33, 220, 'Kikim Tengah'),
(3089, 33, 220, 'Kikim Timur'),
(3090, 33, 220, 'Kota Agung'),
(3091, 33, 220, 'Lahat'),
(3092, 33, 220, 'Merapi Barat'),
(3093, 33, 220, 'Merapi Selatan'),
(3094, 33, 220, 'Merapi Timur'),
(3095, 33, 220, 'Muarapayang'),
(3096, 33, 220, 'Mulak Ulu'),
(3097, 33, 220, 'Pagar Gunung'),
(3098, 33, 220, 'Pajar Bulan'),
(3099, 33, 220, 'Pseksu'),
(3100, 33, 220, 'Pulau Pinang'),
(3101, 33, 220, 'Sukamerindu'),
(3102, 33, 220, 'Tanjung Sakti Pumi'),
(3103, 33, 220, 'Tanjung Sakti Pumu'),
(3104, 33, 220, 'Tanjung Tebat'),
(3105, 14, 221, 'Batangkawa'),
(3106, 14, 221, 'Belantikan Raya'),
(3107, 14, 221, 'Bulik'),
(3108, 14, 221, 'Bulik Timur'),
(3109, 14, 221, 'Delang'),
(3110, 14, 221, 'Lamandau'),
(3111, 14, 221, 'Menthobi Raya'),
(3112, 14, 221, 'Sematu Jaya'),
(3113, 11, 222, 'Babat'),
(3114, 11, 222, 'Bluluk'),
(3115, 11, 222, 'Brondong'),
(3116, 11, 222, 'Deket'),
(3117, 11, 222, 'Glagah'),
(3118, 11, 222, 'Kalitengah'),
(3119, 11, 222, 'Karang Geneng'),
(3120, 11, 222, 'Karangbinangun'),
(3121, 11, 222, 'Kedungpring'),
(3122, 11, 222, 'Kembangbahu'),
(3123, 11, 222, 'Lamongan'),
(3124, 11, 222, 'Laren'),
(3125, 11, 222, 'Maduran'),
(3126, 11, 222, 'Mantup'),
(3127, 11, 222, 'Modo'),
(3128, 11, 222, 'Ngimbang'),
(3129, 11, 222, 'Paciran'),
(3130, 11, 222, 'Pucuk'),
(3131, 11, 222, 'Sambeng'),
(3132, 11, 222, 'Sarirejo'),
(3133, 11, 222, 'Sekaran'),
(3134, 11, 222, 'Solokuro'),
(3135, 11, 222, 'Sugio'),
(3136, 11, 222, 'Sukodadi'),
(3137, 11, 222, 'Sukorame'),
(3138, 11, 222, 'Tikung'),
(3139, 11, 222, 'Turi'),
(3140, 18, 223, 'Air Hitam'),
(3141, 18, 223, 'Balik Bukit'),
(3142, 18, 223, 'Bandar Negeri Suoh'),
(3143, 18, 223, 'Batu Brak'),
(3144, 18, 223, 'Batu Ketulis'),
(3145, 18, 223, 'Belalau'),
(3146, 18, 223, 'Gedung Surian'),
(3147, 18, 223, 'Kebun Tebu'),
(3148, 18, 223, 'Lumbok Seminung'),
(3149, 18, 223, 'Pagar Dewa'),
(3150, 18, 223, 'Sekincau'),
(3151, 18, 223, 'Sukau'),
(3152, 18, 223, 'Sumber Jaya'),
(3153, 18, 223, 'Suoh'),
(3154, 18, 223, 'Way Tenong'),
(3155, 18, 224, 'Bakauheni'),
(3156, 18, 224, 'Candipuro'),
(3157, 18, 224, 'Jati Agung'),
(3158, 18, 224, 'Kalianda'),
(3159, 18, 224, 'Katibung'),
(3160, 18, 224, 'Ketapang'),
(3161, 18, 224, 'Merbau Mataram'),
(3162, 18, 224, 'Natar'),
(3163, 18, 224, 'Palas'),
(3164, 18, 224, 'Penengahan'),
(3165, 18, 224, 'Rajabasa'),
(3166, 18, 224, 'Sidomulyo'),
(3167, 18, 224, 'Sragi'),
(3168, 18, 224, 'Tanjung Bintang'),
(3169, 18, 224, 'Tanjung Sari'),
(3170, 18, 224, 'Way Panji'),
(3171, 18, 224, 'Way Sulan'),
(3172, 18, 225, 'Anak Ratu Aji'),
(3173, 18, 225, 'Anak Tuha'),
(3174, 18, 225, 'Bandar Mataram'),
(3175, 18, 225, 'Bandar Surabaya'),
(3176, 18, 225, 'Bangunrejo'),
(3177, 18, 225, 'Bekri'),
(3178, 18, 225, 'Bumi Nabung'),
(3179, 18, 225, 'Bumi Ratu Nuban'),
(3180, 18, 225, 'Gunung Sugih'),
(3181, 18, 225, 'Kalirejo'),
(3182, 18, 225, 'Kota Gajah'),
(3183, 18, 225, 'Padang Ratu'),
(3184, 18, 225, 'Pubian'),
(3185, 18, 225, 'Punggur'),
(3186, 18, 225, 'Putra Rumbia'),
(3187, 18, 225, 'Rumbia'),
(3188, 18, 225, 'Selagai Lingga'),
(3189, 18, 225, 'Sendang Agung'),
(3190, 18, 225, 'Seputih Agung'),
(3191, 18, 225, 'Seputih Banyak'),
(3192, 18, 225, 'Seputih Mataram'),
(3193, 18, 225, 'Seputih Raman'),
(3194, 18, 225, 'Seputih Surabaya'),
(3195, 18, 225, 'Terbanggi Besar'),
(3196, 18, 225, 'Terusan Nunyai'),
(3197, 18, 225, 'Trimurjo'),
(3198, 18, 225, 'Way Pangubuan (Pengubuan)'),
(3199, 18, 225, 'Way Seputih'),
(3200, 18, 226, 'Bandar Sribawono'),
(3201, 18, 226, 'Batanghari'),
(3202, 18, 226, 'Batanghari Nuban'),
(3203, 18, 226, 'Braja Slebah'),
(3204, 18, 226, 'Bumi Agung'),
(3205, 18, 226, 'Gunung Pelindung'),
(3206, 18, 226, 'Jabung'),
(3207, 18, 226, 'Labuhan Maringgai'),
(3208, 18, 226, 'Labuhan Ratu'),
(3209, 18, 226, 'Marga Sekampung'),
(3210, 18, 226, 'Margatiga'),
(3211, 18, 226, 'Mataram Baru'),
(3212, 18, 226, 'Melinting'),
(3213, 18, 226, 'Metro Kibang'),
(3214, 18, 226, 'Pasir Sakti'),
(3215, 18, 226, 'Pekalongan'),
(3216, 18, 226, 'Purbolinggo'),
(3217, 18, 226, 'Raman Utara'),
(3218, 18, 226, 'Sekampung'),
(3219, 18, 226, 'Sekampung Udik'),
(3220, 18, 226, 'Sukadana'),
(3221, 18, 226, 'Waway Karya'),
(3222, 18, 226, 'Way Bungur (Purbolinggo Utara)'),
(3223, 18, 226, 'Way Jepara'),
(3224, 18, 227, 'Abung Barat'),
(3225, 18, 227, 'Abung Kunang'),
(3226, 18, 227, 'Abung Pekurun'),
(3227, 18, 227, 'Abung Selatan'),
(3228, 18, 227, 'Abung Semuli'),
(3229, 18, 227, 'Abung Surakarta'),
(3230, 18, 227, 'Abung Tengah'),
(3231, 18, 227, 'Abung Timur'),
(3232, 18, 227, 'Abung Tinggi'),
(3233, 18, 227, 'Blambangan Pagar'),
(3234, 18, 227, 'Bukit Kemuning'),
(3235, 18, 227, 'Bunga Mayang'),
(3236, 18, 227, 'Hulu Sungkai'),
(3237, 18, 227, 'Kotabumi'),
(3238, 18, 227, 'Kotabumi Selatan'),
(3239, 18, 227, 'Kotabumi Utara'),
(3240, 18, 227, 'Muara Sungkai'),
(3241, 18, 227, 'Sungkai Barat'),
(3242, 18, 227, 'Sungkai Jaya'),
(3243, 18, 227, 'Sungkai Selatan'),
(3244, 18, 227, 'Sungkai Tengah'),
(3245, 18, 227, 'Sungkai Utara'),
(3246, 18, 227, 'Tanjung Raja'),
(3247, 12, 228, 'Air Besar'),
(3248, 12, 228, 'Banyuke Hulu'),
(3249, 12, 228, 'Jelimpo'),
(3250, 12, 228, 'Kuala Behe'),
(3251, 12, 228, 'Mandor'),
(3252, 12, 228, 'Mempawah Hulu'),
(3253, 12, 228, 'Menjalin'),
(3254, 12, 228, 'Menyuke'),
(3255, 12, 228, 'Meranti'),
(3256, 12, 228, 'Ngabang'),
(3257, 12, 228, 'Sebangki'),
(3258, 12, 228, 'Sengah Temila'),
(3259, 12, 228, 'Sompak'),
(3260, 34, 229, 'Babalan'),
(3261, 34, 229, 'Bahorok'),
(3262, 34, 229, 'Batang Serangan'),
(3263, 34, 229, 'Besitang'),
(3264, 34, 229, 'Binjai'),
(3265, 34, 229, 'Brandan Barat'),
(3266, 34, 229, 'Gebang'),
(3267, 34, 229, 'Hinai'),
(3268, 34, 229, 'Kuala'),
(3269, 34, 229, 'Kutambaru'),
(3270, 34, 229, 'Padang Tualang'),
(3271, 34, 229, 'Pangkalan Susu'),
(3272, 34, 229, 'Pematang Jaya'),
(3273, 34, 229, 'Salapian'),
(3274, 34, 229, 'Sawit Seberang'),
(3275, 34, 229, 'Secanggang'),
(3276, 34, 229, 'Sei Binge (Bingai)'),
(3277, 34, 229, 'Sei Lepan'),
(3278, 34, 229, 'Selesai'),
(3279, 34, 229, 'Sirapit (Serapit)'),
(3280, 34, 229, 'Stabat'),
(3281, 34, 229, 'Tanjungpura'),
(3282, 34, 229, 'Wampu'),
(3283, 21, 230, 'Langsa Barat'),
(3284, 21, 230, 'Langsa Baro'),
(3285, 21, 230, 'Langsa Kota'),
(3286, 21, 230, 'Langsa Lama'),
(3287, 21, 230, 'Langsa Timur'),
(3288, 24, 231, 'Balingga'),
(3289, 24, 231, 'Dimba'),
(3290, 24, 231, 'Gamelia'),
(3291, 24, 231, 'Kuyawage'),
(3292, 24, 231, 'Makki (Maki)'),
(3293, 24, 231, 'Malagaineri (Malagineri)'),
(3294, 24, 231, 'Pirime'),
(3295, 24, 231, 'Poga'),
(3296, 24, 231, 'Tiom'),
(3297, 24, 231, 'Tiomneri'),
(3298, 3, 232, 'Banjarsari'),
(3299, 3, 232, 'Bayah'),
(3300, 3, 232, 'Bojongmanik'),
(3301, 3, 232, 'Cibadak'),
(3302, 3, 232, 'Cibeber'),
(3303, 3, 232, 'Cigemblong'),
(3304, 3, 232, 'Cihara'),
(3305, 3, 232, 'Cijaku'),
(3306, 3, 232, 'Cikulur'),
(3307, 3, 232, 'Cileles'),
(3308, 3, 232, 'Cilograng'),
(3309, 3, 232, 'Cimarga'),
(3310, 3, 232, 'Cipanas'),
(3311, 3, 232, 'Cirinten'),
(3312, 3, 232, 'Curugbitung'),
(3313, 3, 232, 'Gunung Kencana'),
(3314, 3, 232, 'Kalanganyar'),
(3315, 3, 232, 'Lebakgedong'),
(3316, 3, 232, 'Leuwidamar'),
(3317, 3, 232, 'Maja'),
(3318, 3, 232, 'Malingping'),
(3319, 3, 232, 'Muncang'),
(3320, 3, 232, 'Panggarangan'),
(3321, 3, 232, 'Rangkasbitung'),
(3322, 3, 232, 'Sajira'),
(3323, 3, 232, 'Sobang'),
(3324, 3, 232, 'Wanasalam'),
(3325, 3, 232, 'Warunggunung'),
(3326, 4, 233, 'Amen'),
(3327, 4, 233, 'Bingin Kuning'),
(3328, 4, 233, 'Lebong Atas'),
(3329, 4, 233, 'Lebong Sakti'),
(3330, 4, 233, 'Lebong Selatan'),
(3331, 4, 233, 'Lebong Tengah'),
(3332, 4, 233, 'Lebong Utara'),
(3333, 4, 233, 'Pelabai'),
(3334, 4, 233, 'Pinang Belapis'),
(3335, 4, 233, 'Rimbo Pengadang'),
(3336, 4, 233, 'Topos'),
(3337, 4, 233, 'Uram Jaya'),
(3338, 23, 234, 'Atadei'),
(3339, 23, 234, 'Buyasuri (Buyasari)'),
(3340, 23, 234, 'Ile Ape'),
(3341, 23, 234, 'Ile Ape Timur'),
(3342, 23, 234, 'Lebatukan'),
(3343, 23, 234, 'Nagawutung'),
(3344, 23, 234, 'Nubatukan'),
(3345, 23, 234, 'Omesuri'),
(3346, 23, 234, 'Wulandoni (Wulandioni)'),
(3347, 21, 235, 'Banda Sakti'),
(3348, 21, 235, 'Blang Mangat'),
(3349, 21, 235, 'Muara Dua'),
(3350, 21, 235, 'Muara Satu'),
(3351, 32, 236, 'Akabiluru'),
(3352, 32, 236, 'Bukik Barisan'),
(3353, 32, 236, 'Guguak (Gugu)'),
(3354, 32, 236, 'Gunuang Omeh (Gunung Mas)'),
(3355, 32, 236, 'Harau'),
(3356, 32, 236, 'Kapur IX/Sembilan'),
(3357, 32, 236, 'Lareh Sago Halaban'),
(3358, 32, 236, 'Luak (Luhak)'),
(3359, 32, 236, 'Mungka'),
(3360, 32, 236, 'Pangkalan Koto Baru'),
(3361, 32, 236, 'Payakumbuh'),
(3362, 32, 236, 'Situjuah Limo/Lima Nagari'),
(3363, 32, 236, 'Suliki'),
(3364, 17, 237, 'Lingga'),
(3365, 17, 237, 'Lingga Timur'),
(3366, 17, 237, 'Lingga Utara'),
(3367, 17, 237, 'Selayar'),
(3368, 17, 237, 'Senayang'),
(3369, 17, 237, 'Singkep'),
(3370, 17, 237, 'Singkep Barat'),
(3371, 17, 237, 'Singkep Pesisir'),
(3372, 22, 238, 'Batu Layar'),
(3373, 22, 238, 'Gerung'),
(3374, 22, 238, 'Gunungsari'),
(3375, 22, 238, 'Kediri'),
(3376, 22, 238, 'Kuripan'),
(3377, 22, 238, 'Labuapi'),
(3378, 22, 238, 'Lembar'),
(3379, 22, 238, 'Lingsar'),
(3380, 22, 238, 'Narmada'),
(3381, 22, 238, 'Sekotong'),
(3382, 22, 239, 'Batukliang'),
(3383, 22, 239, 'Batukliang Utara'),
(3384, 22, 239, 'Janapria'),
(3385, 22, 239, 'Jonggat'),
(3386, 22, 239, 'Kopang'),
(3387, 22, 239, 'Praya'),
(3388, 22, 239, 'Praya Barat'),
(3389, 22, 239, 'Praya Barat Daya'),
(3390, 22, 239, 'Praya Tengah'),
(3391, 22, 239, 'Praya Timur'),
(3392, 22, 239, 'Pringgarata'),
(3393, 22, 239, 'Pujut'),
(3394, 22, 240, 'Aikmel'),
(3395, 22, 240, 'Jerowaru'),
(3396, 22, 240, 'Keruak'),
(3397, 22, 240, 'Labuhan Haji'),
(3398, 22, 240, 'Masbagik'),
(3399, 22, 240, 'Montong Gading'),
(3400, 22, 240, 'Pringgabaya'),
(3401, 22, 240, 'Pringgasela'),
(3402, 22, 240, 'Sakra'),
(3403, 22, 240, 'Sakra Barat'),
(3404, 22, 240, 'Sakra Timur'),
(3405, 22, 240, 'Sambalia (Sambelia)'),
(3406, 22, 240, 'Selong'),
(3407, 22, 240, 'Sembalun'),
(3408, 22, 240, 'Sikur'),
(3409, 22, 240, 'Suela (Suwela)'),
(3410, 22, 240, 'Sukamulia'),
(3411, 22, 240, 'Suralaga'),
(3412, 22, 240, 'Terara'),
(3413, 22, 240, 'Wanasaba'),
(3414, 22, 241, 'Bayan'),
(3415, 22, 241, 'Gangga'),
(3416, 22, 241, 'Kayangan'),
(3417, 22, 241, 'Pemenang'),
(3418, 22, 241, 'Tanjung'),
(3419, 33, 242, 'Lubuk Linggau Barat Dua (II)'),
(3420, 33, 242, 'Lubuk Linggau Barat Satu (I)'),
(3421, 33, 242, 'Lubuk Linggau Selatan Dua (II)'),
(3422, 33, 242, 'Lubuk Linggau Selatan Satu (I)'),
(3423, 33, 242, 'Lubuk Linggau Timur Dua (II)'),
(3424, 33, 242, 'Lubuk Linggau Timur Satu (I)'),
(3425, 33, 242, 'Lubuk Linggau Utara Dua (II)'),
(3426, 33, 242, 'Lubuk Linggau Utara Satu (I)'),
(3427, 11, 243, 'Candipuro'),
(3428, 11, 243, 'Gucialit'),
(3429, 11, 243, 'Jatiroto'),
(3430, 11, 243, 'Kedungjajang'),
(3431, 11, 243, 'Klakah'),
(3432, 11, 243, 'Kunir'),
(3433, 11, 243, 'Lumajang'),
(3434, 11, 243, 'Padang'),
(3435, 11, 243, 'Pasirian'),
(3436, 11, 243, 'Pasrujambe/Pasujambe'),
(3437, 11, 243, 'Pronojiwo'),
(3438, 11, 243, 'Randuagung'),
(3439, 11, 243, 'Ranuyoso'),
(3440, 11, 243, 'Rowokangkung'),
(3441, 11, 243, 'Senduro'),
(3442, 11, 243, 'Sukodono'),
(3443, 11, 243, 'Sumbersuko'),
(3444, 11, 243, 'Tekung'),
(3445, 11, 243, 'Tempeh'),
(3446, 11, 243, 'Tempursari'),
(3447, 11, 243, 'Yosowilangun'),
(3448, 28, 244, 'Bajo'),
(3449, 28, 244, 'Bajo Barat'),
(3450, 28, 244, 'Basse Sangtempe Utara'),
(3451, 28, 244, 'Bassesang Tempe (Bastem)'),
(3452, 28, 244, 'Belopa'),
(3453, 28, 244, 'Belopa Utara'),
(3454, 28, 244, 'Bua'),
(3455, 28, 244, 'Bua Ponrang (Bupon)'),
(3456, 28, 244, 'Kamanre'),
(3457, 28, 244, 'Lamasi'),
(3458, 28, 244, 'Lamasi Timur'),
(3459, 28, 244, 'Larompong'),
(3460, 28, 244, 'Larompong Selatan'),
(3461, 28, 244, 'Latimojong'),
(3462, 28, 244, 'Ponrang'),
(3463, 28, 244, 'Ponrang Selatan'),
(3464, 28, 244, 'Suli'),
(3465, 28, 244, 'Suli Barat'),
(3466, 28, 244, 'Walenrang'),
(3467, 28, 244, 'Walenrang Barat'),
(3468, 28, 244, 'Walenrang Timur'),
(3469, 28, 244, 'Walenrang Utara'),
(3470, 28, 245, 'Angkona'),
(3471, 28, 245, 'Burau'),
(3472, 28, 245, 'Kalaena'),
(3473, 28, 245, 'Malili'),
(3474, 28, 245, 'Mangkutana'),
(3475, 28, 245, 'Nuha'),
(3476, 28, 245, 'Tomoni'),
(3477, 28, 245, 'Tomoni Timur'),
(3478, 28, 245, 'Towuti'),
(3479, 28, 245, 'Wasuponda'),
(3480, 28, 245, 'Wotu'),
(3481, 28, 246, 'Baebunta'),
(3482, 28, 246, 'Bone-Bone'),
(3483, 28, 246, 'Limbong'),
(3484, 28, 246, 'Malangke'),
(3485, 28, 246, 'Malangke Barat'),
(3486, 28, 246, 'Mappedeceng'),
(3487, 28, 246, 'Masamba'),
(3488, 28, 246, 'Rampi'),
(3489, 28, 246, 'Sabbang'),
(3490, 28, 246, 'Seko'),
(3491, 28, 246, 'Sukamaju'),
(3492, 28, 246, 'Tana Lili'),
(3493, 11, 247, 'Balerejo'),
(3494, 11, 247, 'Dagangan'),
(3495, 11, 247, 'Dolopo'),
(3496, 11, 247, 'Geger'),
(3497, 11, 247, 'Gemarang'),
(3498, 11, 247, 'Jiwan'),
(3499, 11, 247, 'Kare'),
(3500, 11, 247, 'Kebonsari'),
(3501, 11, 247, 'Madiun'),
(3502, 11, 247, 'Mejayan'),
(3503, 11, 247, 'Pilangkenceng'),
(3504, 11, 247, 'Saradan'),
(3505, 11, 247, 'Sawahan'),
(3506, 11, 247, 'Wonoasri'),
(3507, 11, 247, 'Wungu'),
(3508, 11, 248, 'Kartoharjo'),
(3509, 11, 248, 'Manguharjo'),
(3510, 11, 248, 'Taman'),
(3511, 10, 249, 'Bandongan'),
(3512, 10, 249, 'Borobudur'),
(3513, 10, 249, 'Candimulyo'),
(3514, 10, 249, 'Dukun'),
(3515, 10, 249, 'Grabag'),
(3516, 10, 249, 'Kajoran'),
(3517, 10, 249, 'Kaliangkrik'),
(3518, 10, 249, 'Mertoyudan'),
(3519, 10, 249, 'Mungkid'),
(3520, 10, 249, 'Muntilan'),
(3521, 10, 249, 'Ngablak'),
(3522, 10, 249, 'Ngluwar'),
(3523, 10, 249, 'Pakis'),
(3524, 10, 249, 'Salam'),
(3525, 10, 249, 'Salaman'),
(3526, 10, 249, 'Sawangan'),
(3527, 10, 249, 'Secang'),
(3528, 10, 249, 'Srumbung'),
(3529, 10, 249, 'Tegalrejo'),
(3530, 10, 249, 'Tempuran'),
(3531, 10, 249, 'Windusari'),
(3532, 10, 250, 'Magelang Selatan'),
(3533, 10, 250, 'Magelang Tengah'),
(3534, 10, 250, 'Magelang Utara'),
(3535, 11, 251, 'Barat'),
(3536, 11, 251, 'Bendo'),
(3537, 11, 251, 'Karangrejo'),
(3538, 11, 251, 'Karas'),
(3539, 11, 251, 'Kartoharjo (Kertoharjo)'),
(3540, 11, 251, 'Kawedanan'),
(3541, 11, 251, 'Lembeyan'),
(3542, 11, 251, 'Magetan'),
(3543, 11, 251, 'Maospati'),
(3544, 11, 251, 'Ngariboyo'),
(3545, 11, 251, 'Nguntoronadi'),
(3546, 11, 251, 'Panekan'),
(3547, 11, 251, 'Parang'),
(3548, 11, 251, 'Plaosan'),
(3549, 11, 251, 'Poncol'),
(3550, 11, 251, 'Sidorejo'),
(3551, 11, 251, 'Sukomoro'),
(3552, 11, 251, 'Takeran');
INSERT INTO `subdistrict` (`id_subdistrict`, `id_province`, `id_city`, `subdistrict_name`) VALUES
(3553, 9, 252, 'Argapura'),
(3554, 9, 252, 'Banjaran'),
(3555, 9, 252, 'Bantarujeg'),
(3556, 9, 252, 'Cigasong'),
(3557, 9, 252, 'Cikijing'),
(3558, 9, 252, 'Cingambul'),
(3559, 9, 252, 'Dawuan'),
(3560, 9, 252, 'Jatitujuh'),
(3561, 9, 252, 'Jatiwangi'),
(3562, 9, 252, 'Kadipaten'),
(3563, 9, 252, 'Kasokandel'),
(3564, 9, 252, 'Kertajati'),
(3565, 9, 252, 'Lemahsugih'),
(3566, 9, 252, 'Leuwimunding'),
(3567, 9, 252, 'Ligung'),
(3568, 9, 252, 'Maja'),
(3569, 9, 252, 'Majalengka'),
(3570, 9, 252, 'Malausma'),
(3571, 9, 252, 'Palasah'),
(3572, 9, 252, 'Panyingkiran'),
(3573, 9, 252, 'Rajagaluh'),
(3574, 9, 252, 'Sindang'),
(3575, 9, 252, 'Sindangwangi'),
(3576, 9, 252, 'Sukahaji'),
(3577, 9, 252, 'Sumberjaya'),
(3578, 9, 252, 'Talaga'),
(3579, 27, 253, 'Banggae'),
(3580, 27, 253, 'Banggae Timur'),
(3581, 27, 253, 'Malunda'),
(3582, 27, 253, 'Pamboang'),
(3583, 27, 253, 'Sendana'),
(3584, 27, 253, 'Tammeredo Sendana'),
(3585, 27, 253, 'Tubo (Tubo Sendana)'),
(3586, 27, 253, 'Ulumunda'),
(3587, 28, 254, 'Biring Kanaya'),
(3588, 28, 254, 'Bontoala'),
(3589, 28, 254, 'Makassar'),
(3590, 28, 254, 'Mamajang'),
(3591, 28, 254, 'Manggala'),
(3592, 28, 254, 'Mariso'),
(3593, 28, 254, 'Panakkukang'),
(3594, 28, 254, 'Rappocini'),
(3595, 28, 254, 'Tallo'),
(3596, 28, 254, 'Tamalanrea'),
(3597, 28, 254, 'Tamalate'),
(3598, 28, 254, 'Ujung Pandang'),
(3599, 28, 254, 'Ujung Tanah'),
(3600, 28, 254, 'Wajo'),
(3601, 11, 255, 'Ampelgading'),
(3602, 11, 255, 'Bantur'),
(3603, 11, 255, 'Bululawang'),
(3604, 11, 255, 'Dampit'),
(3605, 11, 255, 'Dau'),
(3606, 11, 255, 'Donomulyo'),
(3607, 11, 255, 'Gedangan'),
(3608, 11, 255, 'Gondanglegi'),
(3609, 11, 255, 'Jabung'),
(3610, 11, 255, 'Kalipare'),
(3611, 11, 255, 'Karangploso'),
(3612, 11, 255, 'Kasembon'),
(3613, 11, 255, 'Kepanjen'),
(3614, 11, 255, 'Kromengan'),
(3615, 11, 255, 'Lawang'),
(3616, 11, 255, 'Ngajung (Ngajum)'),
(3617, 11, 255, 'Ngantang'),
(3618, 11, 255, 'Pagak'),
(3619, 11, 255, 'Pagelaran'),
(3620, 11, 255, 'Pakis'),
(3621, 11, 255, 'Pakisaji'),
(3622, 11, 255, 'Poncokusumo'),
(3623, 11, 255, 'Pujon'),
(3624, 11, 255, 'Singosari'),
(3625, 11, 255, 'Sumbermanjing Wetan'),
(3626, 11, 255, 'Sumberpucung'),
(3627, 11, 255, 'Tajinan'),
(3628, 11, 255, 'Tirtoyudo'),
(3629, 11, 255, 'Tumpang'),
(3630, 11, 255, 'Turen'),
(3631, 11, 255, 'Wagir'),
(3632, 11, 255, 'Wajak'),
(3633, 11, 255, 'Wonosari'),
(3634, 11, 256, 'Blimbing'),
(3635, 11, 256, 'Kedungkandang'),
(3636, 11, 256, 'Klojen'),
(3637, 11, 256, 'Lowokwaru'),
(3638, 11, 256, 'Sukun'),
(3639, 16, 257, 'Bahau Hulu'),
(3640, 16, 257, 'Kayan Hilir'),
(3641, 16, 257, 'Kayan Hulu'),
(3642, 16, 257, 'Kayan Selatan'),
(3643, 16, 257, 'Malinau Barat'),
(3644, 16, 257, 'Malinau Kota'),
(3645, 16, 257, 'Malinau Selatan'),
(3646, 16, 257, 'Malinau Selatan Hilir'),
(3647, 16, 257, 'Malinau Selatan Hulu'),
(3648, 16, 257, 'Malinau Utara'),
(3649, 16, 257, 'Mentarang'),
(3650, 16, 257, 'Mentarang Hulu'),
(3651, 16, 257, 'Pujungan'),
(3652, 16, 257, 'Sungai Boh'),
(3653, 16, 257, 'Sungai Tubu'),
(3654, 19, 258, 'Damer'),
(3655, 19, 258, 'Dawelor Dawera'),
(3656, 19, 258, 'Kepulauan Romang'),
(3657, 19, 258, 'Kisar Utara'),
(3658, 19, 258, 'Mdona Hyera/Hiera'),
(3659, 19, 258, 'Moa Lakor'),
(3660, 19, 258, 'Pulau Lakor'),
(3661, 19, 258, 'Pulau Letti (Leti Moa Lakor)'),
(3662, 19, 258, 'Pulau Masela'),
(3663, 19, 258, 'Pulau Pulau Babar'),
(3664, 19, 258, 'Pulau Pulau Terselatan'),
(3665, 19, 258, 'Pulau Wetang'),
(3666, 19, 258, 'Pulau-Pulau Babar Timur'),
(3667, 19, 258, 'Wetar'),
(3668, 19, 258, 'Wetar Barat'),
(3669, 19, 258, 'Wetar Timur'),
(3670, 19, 258, 'Wetar Utara'),
(3671, 19, 259, 'Amahai'),
(3672, 19, 259, 'Banda'),
(3673, 19, 259, 'Leihitu'),
(3674, 19, 259, 'Leihitu Barat'),
(3675, 19, 259, 'Masohi Kota'),
(3676, 19, 259, 'Nusalaut'),
(3677, 19, 259, 'Pulau Haruku'),
(3678, 19, 259, 'Salahutu'),
(3679, 19, 259, 'Saparua'),
(3680, 19, 259, 'Saparua Timur'),
(3681, 19, 259, 'Seram Utara'),
(3682, 19, 259, 'Seram Utara Barat'),
(3683, 19, 259, 'Seram Utara Timur Kobi'),
(3684, 19, 259, 'Seram Utara Timur Seti'),
(3685, 19, 259, 'Tehoru'),
(3686, 19, 259, 'Teluk Elpaputih'),
(3687, 19, 259, 'Telutih'),
(3688, 19, 259, 'Teon Nila Serua'),
(3689, 19, 260, 'Hoat Sorbay'),
(3690, 19, 260, 'Kei Besar'),
(3691, 19, 260, 'Kei Besar Selatan'),
(3692, 19, 260, 'Kei Besar Selatan Barat'),
(3693, 19, 260, 'Kei Besar Utara Barat'),
(3694, 19, 260, 'Kei Besar Utara Timur'),
(3695, 19, 260, 'Kei Kecil'),
(3696, 19, 260, 'Kei Kecil Barat'),
(3697, 19, 260, 'Kei Kecil Timur'),
(3698, 19, 260, 'Kei Kecil Timur Selatan'),
(3699, 19, 260, 'Manyeuw'),
(3700, 19, 261, 'Kormomolin'),
(3701, 19, 261, 'Molu Maru'),
(3702, 19, 261, 'Nirunmas'),
(3703, 19, 261, 'Selaru'),
(3704, 19, 261, 'Tanimbar Selatan'),
(3705, 19, 261, 'Tanimbar Utara'),
(3706, 19, 261, 'Wermakatian (Wer Maktian)'),
(3707, 19, 261, 'Wertamrian'),
(3708, 19, 261, 'Wuarlabobar'),
(3709, 19, 261, 'Yaru'),
(3710, 27, 262, 'Aralle (Arrale)'),
(3711, 27, 262, 'Balla'),
(3712, 27, 262, 'Bambang'),
(3713, 27, 262, 'Buntumalangka'),
(3714, 27, 262, 'Mamasa'),
(3715, 27, 262, 'Mambi'),
(3716, 27, 262, 'Mehalaan'),
(3717, 27, 262, 'Messawa'),
(3718, 27, 262, 'Nosu'),
(3719, 27, 262, 'Pana'),
(3720, 27, 262, 'Rantebulahan Timur'),
(3721, 27, 262, 'Sesena Padang'),
(3722, 27, 262, 'Sumarorong'),
(3723, 27, 262, 'Tabang'),
(3724, 27, 262, 'Tabulahan'),
(3725, 27, 262, 'Tanduk Kalua'),
(3726, 27, 262, 'Tawalian'),
(3727, 24, 263, 'Benuki'),
(3728, 24, 263, 'Mamberamo Hilir/Ilir'),
(3729, 24, 263, 'Mamberamo Hulu/Ulu'),
(3730, 24, 263, 'Mamberamo Tengah'),
(3731, 24, 263, 'Mamberamo Tengah Timur'),
(3732, 24, 263, 'Rofaer (Rufaer)'),
(3733, 24, 263, 'Sawai'),
(3734, 24, 263, 'Waropen Atas'),
(3735, 24, 264, 'Eragayam'),
(3736, 24, 264, 'Ilugwa'),
(3737, 24, 264, 'Kelila'),
(3738, 24, 264, 'Kobakma'),
(3739, 24, 264, 'Megabilis (Megambilis)'),
(3740, 27, 265, 'Bonehau'),
(3741, 27, 265, 'Budong-Budong'),
(3742, 27, 265, 'Kalukku'),
(3743, 27, 265, 'Kalumpang'),
(3744, 27, 265, 'Karossa'),
(3745, 27, 265, 'Kep. Bala Balakang'),
(3746, 27, 265, 'Mamuju'),
(3747, 27, 265, 'Pangale'),
(3748, 27, 265, 'Papalang'),
(3749, 27, 265, 'Sampaga'),
(3750, 27, 265, 'Simboro dan Kepulauan'),
(3751, 27, 265, 'Tapalang'),
(3752, 27, 265, 'Tapalang Barat'),
(3753, 27, 265, 'Tobadak'),
(3754, 27, 265, 'Tommo'),
(3755, 27, 265, 'Topoyo'),
(3756, 27, 266, 'Bambaira'),
(3757, 27, 266, 'Bambalamotu'),
(3758, 27, 266, 'Baras'),
(3759, 27, 266, 'Bulu Taba'),
(3760, 27, 266, 'Dapurang'),
(3761, 27, 266, 'Duripoku'),
(3762, 27, 266, 'Lariang'),
(3763, 27, 266, 'Pasangkayu'),
(3764, 27, 266, 'Pedongga'),
(3765, 27, 266, 'Sarjo'),
(3766, 27, 266, 'Sarudu'),
(3767, 27, 266, 'Tikke Raya'),
(3768, 31, 267, 'Bunaken'),
(3769, 31, 267, 'Bunaken Kepulauan'),
(3770, 31, 267, 'Malalayang'),
(3771, 31, 267, 'Mapanget'),
(3772, 31, 267, 'Paal Dua'),
(3773, 31, 267, 'Sario'),
(3774, 31, 267, 'Singkil'),
(3775, 31, 267, 'Tikala'),
(3776, 31, 267, 'Tuminiting'),
(3777, 31, 267, 'Wanea'),
(3778, 31, 267, 'Wenang'),
(3779, 34, 268, 'Batahan'),
(3780, 34, 268, 'Batang Natal'),
(3781, 34, 268, 'Bukit Malintang'),
(3782, 34, 268, 'Huta Bargot'),
(3783, 34, 268, 'Kotanopan'),
(3784, 34, 268, 'Langga Bayu (Lingga Bayu)'),
(3785, 34, 268, 'Lembah Sorik Merapi'),
(3786, 34, 268, 'Muara Batang Gadis'),
(3787, 34, 268, 'Muara Sipongi'),
(3788, 34, 268, 'Naga Juang'),
(3789, 34, 268, 'Natal'),
(3790, 34, 268, 'Pakantan'),
(3791, 34, 268, 'Panyabungan Barat'),
(3792, 34, 268, 'Panyabungan Kota'),
(3793, 34, 268, 'Panyabungan Selatan'),
(3794, 34, 268, 'Panyabungan Timur'),
(3795, 34, 268, 'Panyabungan Utara'),
(3796, 34, 268, 'Puncak Sorik Marapi/Merapi'),
(3797, 34, 268, 'Ranto Baek/Baik'),
(3798, 34, 268, 'Siabu'),
(3799, 34, 268, 'Sinunukan'),
(3800, 34, 268, 'Tambangan'),
(3801, 34, 268, 'Ulu Pungkut'),
(3802, 23, 269, 'Cibal'),
(3803, 23, 269, 'Cibal Barat'),
(3804, 23, 269, 'Langke Rembong'),
(3805, 23, 269, 'Lelak'),
(3806, 23, 269, 'Rahong Utara'),
(3807, 23, 269, 'Reok'),
(3808, 23, 269, 'Reok Barat'),
(3809, 23, 269, 'Ruteng'),
(3810, 23, 269, 'Satar Mese'),
(3811, 23, 269, 'Satar Mese Barat'),
(3812, 23, 269, 'Wae Rii'),
(3813, 23, 270, 'Boleng'),
(3814, 23, 270, 'Komodo'),
(3815, 23, 270, 'Kuwus'),
(3816, 23, 270, 'Lembor'),
(3817, 23, 270, 'Lembor Selatan'),
(3818, 23, 270, 'Macang Pacar'),
(3819, 23, 270, 'Mbeliling'),
(3820, 23, 270, 'Ndoso'),
(3821, 23, 270, 'Sano Nggoang'),
(3822, 23, 270, 'Welak'),
(3823, 23, 271, 'Borong'),
(3824, 23, 271, 'Elar'),
(3825, 23, 271, 'Elar Selatan'),
(3826, 23, 271, 'Kota Komba'),
(3827, 23, 271, 'Lamba Leda'),
(3828, 23, 271, 'Poco Ranaka'),
(3829, 23, 271, 'Poco Ranaka Timur'),
(3830, 23, 271, 'Rana Mese'),
(3831, 23, 271, 'Sambi Rampas'),
(3832, 25, 272, 'Manokwari Barat'),
(3833, 25, 272, 'Manokwari Selatan'),
(3834, 25, 272, 'Manokwari Timur'),
(3835, 25, 272, 'Manokwari Utara'),
(3836, 25, 272, 'Masni'),
(3837, 25, 272, 'Prafi'),
(3838, 25, 272, 'Sidey'),
(3839, 25, 272, 'Tanah Rubuh'),
(3840, 25, 272, 'Warmare'),
(3841, 25, 273, 'Dataran Isim'),
(3842, 25, 273, 'Momi Waren'),
(3843, 25, 273, 'Neney (Nenei)'),
(3844, 25, 273, 'Oransbari'),
(3845, 25, 273, 'Ransiki'),
(3846, 25, 273, 'Tahota (Tohota)'),
(3847, 24, 274, 'Assue'),
(3848, 24, 274, 'Bamgi'),
(3849, 24, 274, 'Citakmitak'),
(3850, 24, 274, 'Edera'),
(3851, 24, 274, 'Haju'),
(3852, 24, 274, 'Kaibar'),
(3853, 24, 274, 'Minyamur'),
(3854, 24, 274, 'Nambioman Bapai (Mambioman)'),
(3855, 24, 274, 'Obaa'),
(3856, 24, 274, 'Passue'),
(3857, 24, 274, 'Passue Bawah'),
(3858, 24, 274, 'Syahcame'),
(3859, 24, 274, 'Ti Zain'),
(3860, 24, 274, 'Venaha'),
(3861, 24, 274, 'Yakomi'),
(3862, 28, 275, 'Bantimurung'),
(3863, 28, 275, 'Bontoa (Maros Utara)'),
(3864, 28, 275, 'Camba'),
(3865, 28, 275, 'Cenrana'),
(3866, 28, 275, 'Lau'),
(3867, 28, 275, 'Mallawa'),
(3868, 28, 275, 'Mandai'),
(3869, 28, 275, 'Maros Baru'),
(3870, 28, 275, 'Marusu'),
(3871, 28, 275, 'Moncongloe'),
(3872, 28, 275, 'Simbang'),
(3873, 28, 275, 'Tanralili'),
(3874, 28, 275, 'Tompu Bulu'),
(3875, 28, 275, 'Turikale'),
(3876, 22, 276, 'Ampenan'),
(3877, 22, 276, 'Cakranegara'),
(3878, 22, 276, 'Mataram'),
(3879, 22, 276, 'Sandubaya (Sandujaya)'),
(3880, 22, 276, 'Sekarbela'),
(3881, 22, 276, 'Selaparang (Selaprang)'),
(3882, 25, 277, 'Aifat'),
(3883, 25, 277, 'Aifat Selatan'),
(3884, 25, 277, 'Aifat Timur'),
(3885, 25, 277, 'Aifat Timur Jauh'),
(3886, 25, 277, 'Aifat Timur Selatan'),
(3887, 25, 277, 'Aifat Timur Tengah'),
(3888, 25, 277, 'Aifat Utara'),
(3889, 25, 277, 'Aitinyo'),
(3890, 25, 277, 'Aitinyo Barat'),
(3891, 25, 277, 'Aitinyo Raya'),
(3892, 25, 277, 'Aitinyo Tengah'),
(3893, 25, 277, 'Aitinyo Utara'),
(3894, 25, 277, 'Ayamaru'),
(3895, 25, 277, 'Ayamaru Barat'),
(3896, 25, 277, 'Ayamaru Jaya'),
(3897, 25, 277, 'Ayamaru Selatan'),
(3898, 25, 277, 'Ayamaru Selatan Jaya'),
(3899, 25, 277, 'Ayamaru Tengah'),
(3900, 25, 277, 'Ayamaru Timur'),
(3901, 25, 277, 'Ayamaru Timur Selatan'),
(3902, 25, 277, 'Ayamaru Utara'),
(3903, 25, 277, 'Ayamaru Utara Timur'),
(3904, 25, 277, 'Mare'),
(3905, 25, 277, 'Mare Selatan'),
(3906, 34, 278, 'Medan Amplas'),
(3907, 34, 278, 'Medan Area'),
(3908, 34, 278, 'Medan Barat'),
(3909, 34, 278, 'Medan Baru'),
(3910, 34, 278, 'Medan Belawan Kota'),
(3911, 34, 278, 'Medan Deli'),
(3912, 34, 278, 'Medan Denai'),
(3913, 34, 278, 'Medan Helvetia'),
(3914, 34, 278, 'Medan Johor'),
(3915, 34, 278, 'Medan Kota'),
(3916, 34, 278, 'Medan Labuhan'),
(3917, 34, 278, 'Medan Maimun'),
(3918, 34, 278, 'Medan Marelan'),
(3919, 34, 278, 'Medan Perjuangan'),
(3920, 34, 278, 'Medan Petisah'),
(3921, 34, 278, 'Medan Polonia'),
(3922, 34, 278, 'Medan Selayang'),
(3923, 34, 278, 'Medan Sunggal'),
(3924, 34, 278, 'Medan Tembung'),
(3925, 34, 278, 'Medan Timur'),
(3926, 34, 278, 'Medan Tuntungan'),
(3927, 12, 279, 'Belimbing'),
(3928, 12, 279, 'Belimbing Hulu'),
(3929, 12, 279, 'Ella Hilir'),
(3930, 12, 279, 'Menukung'),
(3931, 12, 279, 'Nanga Pinoh'),
(3932, 12, 279, 'Pinoh Selatan'),
(3933, 12, 279, 'Pinoh Utara'),
(3934, 12, 279, 'Sayan'),
(3935, 12, 279, 'Sokan'),
(3936, 12, 279, 'Tanah Pinoh'),
(3937, 12, 279, 'Tanah Pinoh Barat'),
(3938, 8, 280, 'Bangko'),
(3939, 8, 280, 'Bangko Barat'),
(3940, 8, 280, 'Batang Masumai'),
(3941, 8, 280, 'Jangkat'),
(3942, 8, 280, 'Lembah Masurai'),
(3943, 8, 280, 'Margo Tabir'),
(3944, 8, 280, 'Muara Siau'),
(3945, 8, 280, 'Nalo Tantan'),
(3946, 8, 280, 'Pamenang'),
(3947, 8, 280, 'Pamenang Barat'),
(3948, 8, 280, 'Pamenang Selatan'),
(3949, 8, 280, 'Pangkalan Jambu'),
(3950, 8, 280, 'Renah Pembarap'),
(3951, 8, 280, 'Renah Pemenang'),
(3952, 8, 280, 'Sungai Manau'),
(3953, 8, 280, 'Sungai Tenang'),
(3954, 8, 280, 'Tabir'),
(3955, 8, 280, 'Tabir Barat'),
(3956, 8, 280, 'Tabir Ilir'),
(3957, 8, 280, 'Tabir Lintas'),
(3958, 8, 280, 'Tabir Selatan'),
(3959, 8, 280, 'Tabir Timur'),
(3960, 8, 280, 'Tabir Ulu'),
(3961, 8, 280, 'Tiang Pumpung'),
(3962, 24, 281, 'Animha'),
(3963, 24, 281, 'Eligobel'),
(3964, 24, 281, 'Ilyawab'),
(3965, 24, 281, 'Jagebob'),
(3966, 24, 281, 'Kaptel'),
(3967, 24, 281, 'Kimaam'),
(3968, 24, 281, 'Kurik'),
(3969, 24, 281, 'Malind'),
(3970, 24, 281, 'Merauke'),
(3971, 24, 281, 'Muting'),
(3972, 24, 281, 'Naukenjerai'),
(3973, 24, 281, 'Ngguti (Nggunti)'),
(3974, 24, 281, 'Okaba'),
(3975, 24, 281, 'Semangga'),
(3976, 24, 281, 'Sota'),
(3977, 24, 281, 'Tabonji'),
(3978, 24, 281, 'Tanah Miring'),
(3979, 24, 281, 'Tubang'),
(3980, 24, 281, 'Ulilin'),
(3981, 24, 281, 'Waan'),
(3982, 18, 282, 'Mesuji'),
(3983, 18, 282, 'Mesuji Timur'),
(3984, 18, 282, 'Panca Jaya'),
(3985, 18, 282, 'Rawa Jitu Utara'),
(3986, 18, 282, 'Simpang Pematang'),
(3987, 18, 282, 'Tanjung Raya'),
(3988, 18, 282, 'Way Serdang'),
(3989, 18, 283, 'Metro Barat'),
(3990, 18, 283, 'Metro Pusat'),
(3991, 18, 283, 'Metro Selatan'),
(3992, 18, 283, 'Metro Timur'),
(3993, 18, 283, 'Metro Utara'),
(3994, 24, 284, 'Agimuga'),
(3995, 24, 284, 'Jila'),
(3996, 24, 284, 'Jita'),
(3997, 24, 284, 'Kuala Kencana'),
(3998, 24, 284, 'Mimika Barat (Mibar)'),
(3999, 24, 284, 'Mimika Barat Jauh'),
(4000, 24, 284, 'Mimika Barat Tengah'),
(4001, 24, 284, 'Mimika Baru'),
(4002, 24, 284, 'Mimika Timur'),
(4003, 24, 284, 'Mimika Timur Jauh'),
(4004, 24, 284, 'Mimika Timur Tengah'),
(4005, 24, 284, 'Tembagapura'),
(4006, 31, 285, 'Eris'),
(4007, 31, 285, 'Kakas'),
(4008, 31, 285, 'Kakas Barat'),
(4009, 31, 285, 'Kawangkoan'),
(4010, 31, 285, 'Kawangkoan Barat'),
(4011, 31, 285, 'Kawangkoan Utara'),
(4012, 31, 285, 'Kombi'),
(4013, 31, 285, 'Langowan Barat'),
(4014, 31, 285, 'Langowan Selatan'),
(4015, 31, 285, 'Langowan Timur'),
(4016, 31, 285, 'Langowan Utara'),
(4017, 31, 285, 'Lembean Timur'),
(4018, 31, 285, 'Mandolang'),
(4019, 31, 285, 'Pineleng'),
(4020, 31, 285, 'Remboken'),
(4021, 31, 285, 'Sonder'),
(4022, 31, 285, 'Tombariri'),
(4023, 31, 285, 'Tombariri Timur'),
(4024, 31, 285, 'Tombulu'),
(4025, 31, 285, 'Tompaso'),
(4026, 31, 285, 'Tompaso Barat'),
(4027, 31, 285, 'Tondano Barat'),
(4028, 31, 285, 'Tondano Selatan'),
(4029, 31, 285, 'Tondano Timur'),
(4030, 31, 285, 'Tondano Utara'),
(4031, 31, 286, 'Amurang'),
(4032, 31, 286, 'Amurang Barat'),
(4033, 31, 286, 'Amurang Timur'),
(4034, 31, 286, 'Kumelembuai'),
(4035, 31, 286, 'Maesaan'),
(4036, 31, 286, 'Modoinding'),
(4037, 31, 286, 'Motoling'),
(4038, 31, 286, 'Motoling Barat'),
(4039, 31, 286, 'Motoling Timur'),
(4040, 31, 286, 'Ranoyapo'),
(4041, 31, 286, 'Sinonsayang'),
(4042, 31, 286, 'Suluun Tareran'),
(4043, 31, 286, 'Tareran'),
(4044, 31, 286, 'Tatapaan'),
(4045, 31, 286, 'Tenga'),
(4046, 31, 286, 'Tompaso Baru'),
(4047, 31, 286, 'Tumpaan'),
(4048, 31, 287, 'Belang'),
(4049, 31, 287, 'Pasan'),
(4050, 31, 287, 'Pusomaen'),
(4051, 31, 287, 'Ratahan'),
(4052, 31, 287, 'Ratahan Timur'),
(4053, 31, 287, 'Ratatotok'),
(4054, 31, 287, 'Silian Raya'),
(4055, 31, 287, 'Tombatu'),
(4056, 31, 287, 'Tombatu Timur'),
(4057, 31, 287, 'Tombatu Utara'),
(4058, 31, 287, 'Touluaan'),
(4059, 31, 287, 'Touluaan Selatan'),
(4060, 31, 288, 'Airmadidi'),
(4061, 31, 288, 'Dimembe'),
(4062, 31, 288, 'Kalawat'),
(4063, 31, 288, 'Kauditan'),
(4064, 31, 288, 'Kema'),
(4065, 31, 288, 'Likupang Barat'),
(4066, 31, 288, 'Likupang Selatan'),
(4067, 31, 288, 'Likupang Timur'),
(4068, 31, 288, 'Talawaan'),
(4069, 31, 288, 'Wori'),
(4070, 11, 289, 'Bangsal'),
(4071, 11, 289, 'Dawar Blandong'),
(4072, 11, 289, 'Dlanggu'),
(4073, 11, 289, 'Gedeg'),
(4074, 11, 289, 'Gondang'),
(4075, 11, 289, 'Jatirejo'),
(4076, 11, 289, 'Jetis'),
(4077, 11, 289, 'Kemlagi'),
(4078, 11, 289, 'Kutorejo'),
(4079, 11, 289, 'Mojoanyar'),
(4080, 11, 289, 'Mojosari'),
(4081, 11, 289, 'Ngoro'),
(4082, 11, 289, 'Pacet'),
(4083, 11, 289, 'Pungging'),
(4084, 11, 289, 'Puri'),
(4085, 11, 289, 'Sooko'),
(4086, 11, 289, 'Trawas'),
(4087, 11, 289, 'Trowulan'),
(4088, 11, 290, 'Magersari'),
(4089, 11, 290, 'Prajurit Kulon'),
(4090, 29, 291, 'Bahodopi'),
(4091, 29, 291, 'Bumi Raya'),
(4092, 29, 291, 'Bungku Barat'),
(4093, 29, 291, 'Bungku Pesisir'),
(4094, 29, 291, 'Bungku Selatan'),
(4095, 29, 291, 'Bungku Tengah'),
(4096, 29, 291, 'Bungku Timur'),
(4097, 29, 291, 'Bungku Utara'),
(4098, 29, 291, 'Lembo'),
(4099, 29, 291, 'Lembo Raya'),
(4100, 29, 291, 'Mamosalato'),
(4101, 29, 291, 'Menui Kepulauan'),
(4102, 29, 291, 'Mori Atas'),
(4103, 29, 291, 'Mori Utara'),
(4104, 29, 291, 'Petasia'),
(4105, 29, 291, 'Petasia Barat'),
(4106, 29, 291, 'Petasia Timur'),
(4107, 29, 291, 'Soyo Jaya'),
(4108, 29, 291, 'Wita Ponda'),
(4109, 33, 292, 'Abab'),
(4110, 33, 292, 'Benakat'),
(4111, 33, 292, 'Gelumbang'),
(4112, 33, 292, 'Gunung Megang'),
(4113, 33, 292, 'Kelekar'),
(4114, 33, 292, 'Lawang Kidul'),
(4115, 33, 292, 'Lembak'),
(4116, 33, 292, 'Lubai'),
(4117, 33, 292, 'Muara Belida'),
(4118, 33, 292, 'Muara Enim'),
(4119, 33, 292, 'Penukal (Penukal Abab)'),
(4120, 33, 292, 'Penukal Utara'),
(4121, 33, 292, 'Rambang'),
(4122, 33, 292, 'Rambang Dangku'),
(4123, 33, 292, 'Semendo Darat Laut'),
(4124, 33, 292, 'Semendo Darat Tengah'),
(4125, 33, 292, 'Semendo Darat Ulu'),
(4126, 33, 292, 'Sungai Rotan'),
(4127, 33, 292, 'Talang Ubi'),
(4128, 33, 292, 'Tanah Abang'),
(4129, 33, 292, 'Tanjung Agung'),
(4130, 33, 292, 'Ujan Mas'),
(4131, 8, 293, 'Bahar Selatan'),
(4132, 8, 293, 'Bahar Utara'),
(4133, 8, 293, 'Jambi Luar Kota'),
(4134, 8, 293, 'Kumpeh'),
(4135, 8, 293, 'Kumpeh Ulu'),
(4136, 8, 293, 'Maro Sebo'),
(4137, 8, 293, 'Mestong'),
(4138, 8, 293, 'Sekernan'),
(4139, 8, 293, 'Sungai Bahar'),
(4140, 8, 293, 'Sungai Gelam'),
(4141, 8, 293, 'Taman Rajo / Rejo'),
(4142, 4, 294, 'Air Dikit'),
(4143, 4, 294, 'Air Majunto'),
(4144, 4, 294, 'Air Rami'),
(4145, 4, 294, 'Ipuh (Muko-Muko Selatan)'),
(4146, 4, 294, 'Kota Mukomuko (Mukomuko Utara)'),
(4147, 4, 294, 'Lubuk Pinang'),
(4148, 4, 294, 'Malin Deman'),
(4149, 4, 294, 'Penarik'),
(4150, 4, 294, 'Pondok Suguh'),
(4151, 4, 294, 'Selagan Raya'),
(4152, 4, 294, 'Sungai Rumbai'),
(4153, 4, 294, 'Teramang Jaya'),
(4154, 4, 294, 'Teras Terunjam'),
(4155, 4, 294, 'V Koto'),
(4156, 4, 294, 'XIV Koto'),
(4157, 30, 295, 'Barangka'),
(4158, 30, 295, 'Batalaiwaru (Batalaiworu)'),
(4159, 30, 295, 'Batukara'),
(4160, 30, 295, 'Bone (Bone Tondo)'),
(4161, 30, 295, 'Duruka'),
(4162, 30, 295, 'Kabangka'),
(4163, 30, 295, 'Kabawo'),
(4164, 30, 295, 'Katobu'),
(4165, 30, 295, 'Kontu Kowuna'),
(4166, 30, 295, 'Kontunaga'),
(4167, 30, 295, 'Kusambi'),
(4168, 30, 295, 'Lasalepa'),
(4169, 30, 295, 'Lawa'),
(4170, 30, 295, 'Lohia'),
(4171, 30, 295, 'Maginti'),
(4172, 30, 295, 'Maligano'),
(4173, 30, 295, 'Marobo'),
(4174, 30, 295, 'Napabalano'),
(4175, 30, 295, 'Napano Kusambi'),
(4176, 30, 295, 'Parigi'),
(4177, 30, 295, 'Pasi Kolaga'),
(4178, 30, 295, 'Pasir Putih'),
(4179, 30, 295, 'Sawerigadi (Sawerigading/Sewergadi)'),
(4180, 30, 295, 'Tiworo Kepulauan'),
(4181, 30, 295, 'Tiworo Selatan'),
(4182, 30, 295, 'Tiworo Tengah'),
(4183, 30, 295, 'Tiworo Utara'),
(4184, 30, 295, 'Tongkuno'),
(4185, 30, 295, 'Tongkuno Selatan'),
(4186, 30, 295, 'Towea'),
(4187, 30, 295, 'Wa Daga'),
(4188, 30, 295, 'Wakorumba Selatan'),
(4189, 30, 295, 'Watopute'),
(4190, 14, 296, 'Barito Tuhup Raya'),
(4191, 14, 296, 'Laung Tuhup'),
(4192, 14, 296, 'Murung'),
(4193, 14, 296, 'Permata Intan'),
(4194, 14, 296, 'Seribu Riam'),
(4195, 14, 296, 'Sumber Barito'),
(4196, 14, 296, 'Sungai Babuat'),
(4197, 14, 296, 'Tanah Siang'),
(4198, 14, 296, 'Tanah Siang Selatan'),
(4199, 14, 296, 'Uut Murung'),
(4200, 33, 297, 'Babat Supat'),
(4201, 33, 297, 'Babat Toman'),
(4202, 33, 297, 'Batanghari Leko'),
(4203, 33, 297, 'Bayung Lencir'),
(4204, 33, 297, 'Keluang'),
(4205, 33, 297, 'Lais'),
(4206, 33, 297, 'Lalan (Sungai Lalan)'),
(4207, 33, 297, 'Lawang Wetan'),
(4208, 33, 297, 'Plakat Tinggi (Pelakat Tinggi)'),
(4209, 33, 297, 'Sanga Desa'),
(4210, 33, 297, 'Sekayu'),
(4211, 33, 297, 'Sungai Keruh'),
(4212, 33, 297, 'Sungai Lilin'),
(4213, 33, 297, 'Tungkal Jaya'),
(4214, 33, 298, 'Batukuning Lakitan Ulu (BTS)/Cecar'),
(4215, 33, 298, 'Jaya Loka'),
(4216, 33, 298, 'Karang Dapo'),
(4217, 33, 298, 'Karang Jaya'),
(4218, 33, 298, 'Megang Sakti'),
(4219, 33, 298, 'Muara Beliti'),
(4220, 33, 298, 'Muara Kelingi'),
(4221, 33, 298, 'Muara Lakitan'),
(4222, 33, 298, 'Nibung'),
(4223, 33, 298, 'Purwodadi'),
(4224, 33, 298, 'Rawas Ilir'),
(4225, 33, 298, 'Rawas Ulu'),
(4226, 33, 298, 'Rupit'),
(4227, 33, 298, 'Selangit'),
(4228, 33, 298, 'STL Ulu Terawas'),
(4229, 33, 298, 'Sukakarya'),
(4230, 33, 298, 'Sumber Harta'),
(4231, 33, 298, 'Tiang Pumpung Kepungut'),
(4232, 33, 298, 'Tuah Negeri'),
(4233, 33, 298, 'Tugumulyo'),
(4234, 33, 298, 'Ulu Rawas'),
(4235, 24, 299, 'Dipa'),
(4236, 24, 299, 'Makimi'),
(4237, 24, 299, 'Menou'),
(4238, 24, 299, 'Moora'),
(4239, 24, 299, 'Nabire'),
(4240, 24, 299, 'Nabire Barat'),
(4241, 24, 299, 'Napan'),
(4242, 24, 299, 'Siriwo'),
(4243, 24, 299, 'Teluk Kimi'),
(4244, 24, 299, 'Teluk Umar'),
(4245, 24, 299, 'Uwapa'),
(4246, 24, 299, 'Wanggar'),
(4247, 24, 299, 'Wapoga'),
(4248, 24, 299, 'Yaro (Yaro Kabisay)'),
(4249, 24, 299, 'Yaur'),
(4250, 21, 300, 'Beutong'),
(4251, 21, 300, 'Beutong Ateuh Banggalang'),
(4252, 21, 300, 'Darul Makmur'),
(4253, 21, 300, 'Kuala'),
(4254, 21, 300, 'Kuala Pesisir'),
(4255, 21, 300, 'Seunagan'),
(4256, 21, 300, 'Seunagan Timur'),
(4257, 21, 300, 'Suka Makmue'),
(4258, 21, 300, 'Tadu Raya'),
(4259, 21, 300, 'Tripa Makmur'),
(4260, 23, 301, 'Aesesa'),
(4261, 23, 301, 'Aesesa Selatan'),
(4262, 23, 301, 'Boawae'),
(4263, 23, 301, 'Keo Tengah'),
(4264, 23, 301, 'Mauponggo'),
(4265, 23, 301, 'Nangaroro'),
(4266, 23, 301, 'Wolowae'),
(4267, 17, 302, 'Bunguran Barat'),
(4268, 17, 302, 'Bunguran Selatan'),
(4269, 17, 302, 'Bunguran Tengah'),
(4270, 17, 302, 'Bunguran Timur'),
(4271, 17, 302, 'Bunguran Timur Laut'),
(4272, 17, 302, 'Bunguran Utara'),
(4273, 17, 302, 'Midai'),
(4274, 17, 302, 'Pulau Laut'),
(4275, 17, 302, 'Pulau Tiga'),
(4276, 17, 302, 'Serasan'),
(4277, 17, 302, 'Serasan Timur'),
(4278, 17, 302, 'Subi'),
(4279, 24, 303, 'Alama'),
(4280, 24, 303, 'Dal'),
(4281, 24, 303, 'Embetpen'),
(4282, 24, 303, 'Gearek'),
(4283, 24, 303, 'Geselma (Geselema)'),
(4284, 24, 303, 'Inikgal'),
(4285, 24, 303, 'Iniye'),
(4286, 24, 303, 'Kegayem'),
(4287, 24, 303, 'Kenyam'),
(4288, 24, 303, 'Kilmid'),
(4289, 24, 303, 'Kora'),
(4290, 24, 303, 'Koroptak'),
(4291, 24, 303, 'Krepkuri'),
(4292, 24, 303, 'Mam'),
(4293, 24, 303, 'Mapenduma'),
(4294, 24, 303, 'Mbua (Mbuga)'),
(4295, 24, 303, 'Mbua Tengah'),
(4296, 24, 303, 'Mbulmu Yalma'),
(4297, 24, 303, 'Mebarok'),
(4298, 24, 303, 'Moba'),
(4299, 24, 303, 'Mugi'),
(4300, 24, 303, 'Nenggeagin'),
(4301, 24, 303, 'Nirkuri'),
(4302, 24, 303, 'Paro'),
(4303, 24, 303, 'Pasir Putih'),
(4304, 24, 303, 'Pija'),
(4305, 24, 303, 'Wosak'),
(4306, 24, 303, 'Wusi'),
(4307, 24, 303, 'Wutpaga'),
(4308, 24, 303, 'Yal'),
(4309, 24, 303, 'Yenggelo'),
(4310, 24, 303, 'Yigi'),
(4311, 23, 304, 'Aimere'),
(4312, 23, 304, 'Bajawa'),
(4313, 23, 304, 'Bajawa Utara'),
(4314, 23, 304, 'Golewa'),
(4315, 23, 304, 'Golewa Barat'),
(4316, 23, 304, 'Golewa Selatan'),
(4317, 23, 304, 'Inerie'),
(4318, 23, 304, 'Jerebuu'),
(4319, 23, 304, 'Riung'),
(4320, 23, 304, 'Riung Barat'),
(4321, 23, 304, 'Soa'),
(4322, 23, 304, 'Wolomeze (Riung Selatan)'),
(4323, 11, 305, 'Bagor'),
(4324, 11, 305, 'Baron'),
(4325, 11, 305, 'Berbek'),
(4326, 11, 305, 'Gondang'),
(4327, 11, 305, 'Jatikalen'),
(4328, 11, 305, 'Kertosono'),
(4329, 11, 305, 'Lengkong'),
(4330, 11, 305, 'Loceret'),
(4331, 11, 305, 'Nganjuk'),
(4332, 11, 305, 'Ngetos'),
(4333, 11, 305, 'Ngluyu'),
(4334, 11, 305, 'Ngronggot'),
(4335, 11, 305, 'Pace'),
(4336, 11, 305, 'Patianrowo'),
(4337, 11, 305, 'Prambon'),
(4338, 11, 305, 'Rejoso'),
(4339, 11, 305, 'Sawahan'),
(4340, 11, 305, 'Sukomoro'),
(4341, 11, 305, 'Tanjunganom'),
(4342, 11, 305, 'Wilangan'),
(4343, 11, 306, 'Bringin'),
(4344, 11, 306, 'Geneng'),
(4345, 11, 306, 'Gerih'),
(4346, 11, 306, 'Jogorogo'),
(4347, 11, 306, 'Karanganyar'),
(4348, 11, 306, 'Karangjati'),
(4349, 11, 306, 'Kasreman'),
(4350, 11, 306, 'Kedunggalar'),
(4351, 11, 306, 'Kendal'),
(4352, 11, 306, 'Kwadungan'),
(4353, 11, 306, 'Mantingan'),
(4354, 11, 306, 'Ngawi'),
(4355, 11, 306, 'Ngrambe'),
(4356, 11, 306, 'Padas'),
(4357, 11, 306, 'Pangkur'),
(4358, 11, 306, 'Paron'),
(4359, 11, 306, 'Pitu'),
(4360, 11, 306, 'Sine'),
(4361, 11, 306, 'Widodaren'),
(4362, 34, 307, 'Bawolato'),
(4363, 34, 307, 'Botomuzoi'),
(4364, 34, 307, 'Gido'),
(4365, 34, 307, 'Hili Serangkai (Hilisaranggu)'),
(4366, 34, 307, 'Hiliduho'),
(4367, 34, 307, 'Idano Gawo'),
(4368, 34, 307, 'Ma\'u'),
(4369, 34, 307, 'Sogae Adu (Sogaeadu)'),
(4370, 34, 307, 'Somolo-Molo (Samolo)'),
(4371, 34, 307, 'Ulugawo'),
(4372, 34, 308, 'Lahomi (Gahori)'),
(4373, 34, 308, 'Lolofitu Moi'),
(4374, 34, 308, 'Mandrehe'),
(4375, 34, 308, 'Mandrehe Barat'),
(4376, 34, 308, 'Mandrehe Utara'),
(4377, 34, 308, 'Moro\'o'),
(4378, 34, 308, 'Sirombu'),
(4379, 34, 308, 'Ulu Moro\'o (Ulu Narwo)'),
(4380, 34, 309, 'Amandraya'),
(4381, 34, 309, 'Aramo'),
(4382, 34, 309, 'Boronadu'),
(4383, 34, 309, 'Fanayama'),
(4384, 34, 309, 'Gomo'),
(4385, 34, 309, 'Hibala'),
(4386, 34, 309, 'Hilimegai'),
(4387, 34, 309, 'Hilisalawa\'ahe (Hilisalawaahe)'),
(4388, 34, 309, 'Huruna'),
(4389, 34, 309, 'Lahusa'),
(4390, 34, 309, 'Lolomatua'),
(4391, 34, 309, 'Lolowau'),
(4392, 34, 309, 'Maniamolo'),
(4393, 34, 309, 'Mazino'),
(4394, 34, 309, 'Mazo'),
(4395, 34, 309, 'O\'o\'u (Oou)'),
(4396, 34, 309, 'Onohazumba'),
(4397, 34, 309, 'Pulau-Pulau Batu'),
(4398, 34, 309, 'Pulau-Pulau Batu Barat'),
(4399, 34, 309, 'Pulau-Pulau Batu Timur'),
(4400, 34, 309, 'Pulau-Pulau Batu Utara'),
(4401, 34, 309, 'Sidua\'ori'),
(4402, 34, 309, 'Simuk'),
(4403, 34, 309, 'Somambawa'),
(4404, 34, 309, 'Susua'),
(4405, 34, 309, 'Tanah Masa'),
(4406, 34, 309, 'Teluk Dalam'),
(4407, 34, 309, 'Toma'),
(4408, 34, 309, 'Ulunoyo'),
(4409, 34, 309, 'Ulususua'),
(4410, 34, 309, 'Umbunasi'),
(4411, 34, 310, 'Afulu'),
(4412, 34, 310, 'Alasa'),
(4413, 34, 310, 'Alasa Talumuzoi'),
(4414, 34, 310, 'Lahewa'),
(4415, 34, 310, 'Lahewa Timur'),
(4416, 34, 310, 'Lotu'),
(4417, 34, 310, 'Namohalu Esiwa'),
(4418, 34, 310, 'Sawo'),
(4419, 34, 310, 'Sitolu Ori'),
(4420, 34, 310, 'Tugala Oyo'),
(4421, 34, 310, 'Tuhemberua'),
(4422, 16, 311, 'Krayan'),
(4423, 16, 311, 'Krayan Selatan'),
(4424, 16, 311, 'Lumbis'),
(4425, 16, 311, 'Lumbis Ogong'),
(4426, 16, 311, 'Nunukan'),
(4427, 16, 311, 'Nunukan Selatan'),
(4428, 16, 311, 'Sebatik'),
(4429, 16, 311, 'Sebatik Barat'),
(4430, 16, 311, 'Sebatik Tengah'),
(4431, 16, 311, 'Sebatik Timur'),
(4432, 16, 311, 'Sebatik Utara'),
(4433, 16, 311, 'Sebuku'),
(4434, 16, 311, 'Sei Menggaris'),
(4435, 16, 311, 'Sembakung'),
(4436, 16, 311, 'Tulin Onsoi'),
(4437, 33, 312, 'Indralaya'),
(4438, 33, 312, 'Indralaya Selatan'),
(4439, 33, 312, 'Indralaya Utara'),
(4440, 33, 312, 'Kandis'),
(4441, 33, 312, 'Lubuk Keliat'),
(4442, 33, 312, 'Muara Kuang'),
(4443, 33, 312, 'Payaraman'),
(4444, 33, 312, 'Pemulutan'),
(4445, 33, 312, 'Pemulutan Barat'),
(4446, 33, 312, 'Pemulutan Selatan'),
(4447, 33, 312, 'Rambang Kuang'),
(4448, 33, 312, 'Rantau Alai'),
(4449, 33, 312, 'Rantau Panjang'),
(4450, 33, 312, 'Sungai Pinang'),
(4451, 33, 312, 'Tanjung Batu'),
(4452, 33, 312, 'Tanjung Raja'),
(4453, 33, 313, 'Air Sugihan'),
(4454, 33, 313, 'Cengal'),
(4455, 33, 313, 'Jejawi'),
(4456, 33, 313, 'Kayu Agung'),
(4457, 33, 313, 'Lempuing'),
(4458, 33, 313, 'Lempuing Jaya'),
(4459, 33, 313, 'Mesuji'),
(4460, 33, 313, 'Mesuji Makmur'),
(4461, 33, 313, 'Mesuji Raya'),
(4462, 33, 313, 'Pampangan'),
(4463, 33, 313, 'Pangkalan Lampam'),
(4464, 33, 313, 'Pedamaran'),
(4465, 33, 313, 'Pedamaran Timur'),
(4466, 33, 313, 'Sirah Pulau Padang'),
(4467, 33, 313, 'Sungai Menang'),
(4468, 33, 313, 'Tanjung Lubuk'),
(4469, 33, 313, 'Teluk Gelam'),
(4470, 33, 313, 'Tulung Selapan'),
(4471, 33, 314, 'Baturaja Barat'),
(4472, 33, 314, 'Baturaja Timur'),
(4473, 33, 314, 'Lengkiti'),
(4474, 33, 314, 'Lubuk Batang'),
(4475, 33, 314, 'Lubuk Raja'),
(4476, 33, 314, 'Muara Jaya'),
(4477, 33, 314, 'Pengandonan'),
(4478, 33, 314, 'Peninjauan'),
(4479, 33, 314, 'Semidang Aji'),
(4480, 33, 314, 'Sinar Peninjauan'),
(4481, 33, 314, 'Sosoh Buay Rayap'),
(4482, 33, 314, 'Ulu Ogan'),
(4483, 33, 315, 'Banding Agung'),
(4484, 33, 315, 'Buana Pemaca'),
(4485, 33, 315, 'Buay Pemaca'),
(4486, 33, 315, 'Buay Pematang Ribu Ranau Tengah'),
(4487, 33, 315, 'Buay Rawan'),
(4488, 33, 315, 'Buay Runjung'),
(4489, 33, 315, 'Buay Sandang Aji'),
(4490, 33, 315, 'Kisam Ilir'),
(4491, 33, 315, 'Kisam Tinggi'),
(4492, 33, 315, 'Mekakau Ilir'),
(4493, 33, 315, 'Muaradua'),
(4494, 33, 315, 'Muaradua Kisam'),
(4495, 33, 315, 'Pulau Beringin'),
(4496, 33, 315, 'Runjung Agung'),
(4497, 33, 315, 'Simpang'),
(4498, 33, 315, 'Sindang Danau'),
(4499, 33, 315, 'Sungai Are'),
(4500, 33, 315, 'Tiga Dihaji'),
(4501, 33, 315, 'Warkuk Ranau Selatan'),
(4502, 33, 316, 'Belitang'),
(4503, 33, 316, 'Belitang II'),
(4504, 33, 316, 'Belitang III'),
(4505, 33, 316, 'Belitang Jaya'),
(4506, 33, 316, 'Belitang Madang Raya'),
(4507, 33, 316, 'Belitang Mulya'),
(4508, 33, 316, 'Buay Madang'),
(4509, 33, 316, 'Buay Madang Timur'),
(4510, 33, 316, 'Buay Pemuka Bangsa Raja'),
(4511, 33, 316, 'Buay Pemuka Beliung / Peliung'),
(4512, 33, 316, 'Bunga Mayang'),
(4513, 33, 316, 'Cempaka'),
(4514, 33, 316, 'Jayapura'),
(4515, 33, 316, 'Madang Suku I'),
(4516, 33, 316, 'Madang Suku II'),
(4517, 33, 316, 'Madang Suku III'),
(4518, 33, 316, 'Martapura'),
(4519, 33, 316, 'Semendawai Barat'),
(4520, 33, 316, 'Semendawai Suku III'),
(4521, 33, 316, 'Semendawai Timur'),
(4522, 11, 317, 'Arjosari'),
(4523, 11, 317, 'Bandar'),
(4524, 11, 317, 'Donorojo'),
(4525, 11, 317, 'Kebon Agung'),
(4526, 11, 317, 'Nawangan'),
(4527, 11, 317, 'Ngadirojo'),
(4528, 11, 317, 'Pacitan'),
(4529, 11, 317, 'Pringkuku'),
(4530, 11, 317, 'Punung'),
(4531, 11, 317, 'Sudimoro'),
(4532, 11, 317, 'Tegalombo'),
(4533, 11, 317, 'Tulakan'),
(4534, 32, 318, 'Bungus Teluk Kabung'),
(4535, 32, 318, 'Koto Tangah'),
(4536, 32, 318, 'Kuranji'),
(4537, 32, 318, 'Lubuk Begalung'),
(4538, 32, 318, 'Lubuk Kilangan'),
(4539, 32, 318, 'Nanggalo'),
(4540, 32, 318, 'Padang Barat'),
(4541, 32, 318, 'Padang Selatan'),
(4542, 32, 318, 'Padang Timur'),
(4543, 32, 318, 'Padang Utara'),
(4544, 32, 318, 'Pauh'),
(4545, 34, 319, 'Aek Nabara Barumun'),
(4546, 34, 319, 'Barumun'),
(4547, 34, 319, 'Barumun Selatan'),
(4548, 34, 319, 'Barumun Tengah'),
(4549, 34, 319, 'Batang Lubu Sutam'),
(4550, 34, 319, 'Huristak'),
(4551, 34, 319, 'Huta Raja Tinggi'),
(4552, 34, 319, 'Lubuk Barumun'),
(4553, 34, 319, 'Sihapas Barumun'),
(4554, 34, 319, 'Sosa'),
(4555, 34, 319, 'Sosopan'),
(4556, 34, 319, 'Ulu Barumun'),
(4557, 34, 320, 'Batang Onang'),
(4558, 34, 320, 'Dolok'),
(4559, 34, 320, 'Dolok Sigompulon'),
(4560, 34, 320, 'Halongonan'),
(4561, 34, 320, 'Hulu Sihapas'),
(4562, 34, 320, 'Padang Bolak'),
(4563, 34, 320, 'Padang Bolak Julu'),
(4564, 34, 320, 'Portibi'),
(4565, 34, 320, 'Simangambat'),
(4566, 32, 321, 'Padang Panjang Barat'),
(4567, 32, 321, 'Padang Panjang Timur'),
(4568, 32, 322, '2 X 11 Enam Lingkung'),
(4569, 32, 322, '2 X 11 Kayu Tanam'),
(4570, 32, 322, 'Batang Anai'),
(4571, 32, 322, 'Batang Gasan'),
(4572, 32, 322, 'Enam Lingkung'),
(4573, 32, 322, 'IV Koto Aur Malintang'),
(4574, 32, 322, 'Lubuk Alung'),
(4575, 32, 322, 'Nan Sabaris'),
(4576, 32, 322, 'Padang Sago'),
(4577, 32, 322, 'Patamuan'),
(4578, 32, 322, 'Sintuk/Sintuak Toboh Gadang'),
(4579, 32, 322, 'Sungai Geringging/Garingging'),
(4580, 32, 322, 'Sungai Limau'),
(4581, 32, 322, 'Ulakan Tapakih/Tapakis'),
(4582, 32, 322, 'V Koto Kampung Dalam'),
(4583, 32, 322, 'V Koto Timur'),
(4584, 32, 322, 'VII Koto Sungai Sarik'),
(4585, 34, 323, 'Padang Sidempuan Angkola Julu'),
(4586, 34, 323, 'Padang Sidempuan Batunadua'),
(4587, 34, 323, 'Padang Sidempuan Hutaimbaru'),
(4588, 34, 323, 'Padang Sidempuan Selatan'),
(4589, 34, 323, 'Padang Sidempuan Tenggara'),
(4590, 34, 323, 'Padang Sidempuan Utara (Padangsidimpuan)'),
(4591, 33, 324, 'Dempo Selatan'),
(4592, 33, 324, 'Dempo Tengah'),
(4593, 33, 324, 'Dempo Utara'),
(4594, 33, 324, 'Pagar Alam Selatan'),
(4595, 33, 324, 'Pagar Alam Utara'),
(4596, 34, 325, 'Kerajaan'),
(4597, 34, 325, 'Pagindar'),
(4598, 34, 325, 'Pergetteng Getteng Sengkut'),
(4599, 34, 325, 'Salak'),
(4600, 34, 325, 'Siempat Rube'),
(4601, 34, 325, 'Sitellu Tali Urang Jehe'),
(4602, 34, 325, 'Sitellu Tali Urang Julu'),
(4603, 34, 325, 'Tinada'),
(4604, 14, 326, 'Bukit Batu'),
(4605, 14, 326, 'Jekan Raya'),
(4606, 14, 326, 'Pahandut'),
(4607, 14, 326, 'Rakumpit'),
(4608, 14, 326, 'Sebangau'),
(4609, 33, 327, 'Alang-Alang Lebar'),
(4610, 33, 327, 'Bukit Kecil'),
(4611, 33, 327, 'Gandus'),
(4612, 33, 327, 'Ilir Barat I'),
(4613, 33, 327, 'Ilir Barat II'),
(4614, 33, 327, 'Ilir Timur I'),
(4615, 33, 327, 'Ilir Timur II'),
(4616, 33, 327, 'Kalidoni'),
(4617, 33, 327, 'Kemuning'),
(4618, 33, 327, 'Kertapati'),
(4619, 33, 327, 'Plaju'),
(4620, 33, 327, 'Sako'),
(4621, 33, 327, 'Seberang Ulu I'),
(4622, 33, 327, 'Seberang Ulu II'),
(4623, 33, 327, 'Sematang Borang'),
(4624, 33, 327, 'Sukarami'),
(4625, 28, 328, 'Bara'),
(4626, 28, 328, 'Mungkajang'),
(4627, 28, 328, 'Sendana'),
(4628, 28, 328, 'Telluwanua'),
(4629, 28, 328, 'Wara'),
(4630, 28, 328, 'Wara Barat'),
(4631, 28, 328, 'Wara Selatan'),
(4632, 28, 328, 'Wara Timur'),
(4633, 28, 328, 'Wara Utara'),
(4634, 29, 329, 'Mantikulore'),
(4635, 29, 329, 'Palu Barat'),
(4636, 29, 329, 'Palu Selatan'),
(4637, 29, 329, 'Palu Timur'),
(4638, 29, 329, 'Palu Utara'),
(4639, 29, 329, 'Tatanga'),
(4640, 29, 329, 'Tawaeli'),
(4641, 29, 329, 'Ulujadi'),
(4642, 11, 330, 'Batumarmar'),
(4643, 11, 330, 'Galis'),
(4644, 11, 330, 'Kadur'),
(4645, 11, 330, 'Larangan'),
(4646, 11, 330, 'Pademawu'),
(4647, 11, 330, 'Pakong'),
(4648, 11, 330, 'Palenga\'an'),
(4649, 11, 330, 'Pamekasan'),
(4650, 11, 330, 'Pasean'),
(4651, 11, 330, 'Pegantenan'),
(4652, 11, 330, 'Proppo'),
(4653, 11, 330, 'Tlanakan'),
(4654, 11, 330, 'Waru'),
(4655, 3, 331, 'Angsana'),
(4656, 3, 331, 'Banjar'),
(4657, 3, 331, 'Bojong'),
(4658, 3, 331, 'Cadasari'),
(4659, 3, 331, 'Carita'),
(4660, 3, 331, 'Cibaliung'),
(4661, 3, 331, 'Cibitung'),
(4662, 3, 331, 'Cigeulis'),
(4663, 3, 331, 'Cikeudal (Cikedal)'),
(4664, 3, 331, 'Cikeusik'),
(4665, 3, 331, 'Cimanggu'),
(4666, 3, 331, 'Cimanuk'),
(4667, 3, 331, 'Cipeucang'),
(4668, 3, 331, 'Cisata'),
(4669, 3, 331, 'Jiput'),
(4670, 3, 331, 'Kaduhejo'),
(4671, 3, 331, 'Karang Tanjung'),
(4672, 3, 331, 'Koroncong'),
(4673, 3, 331, 'Labuan'),
(4674, 3, 331, 'Majasari'),
(4675, 3, 331, 'Mandalawangi'),
(4676, 3, 331, 'Mekarjaya'),
(4677, 3, 331, 'Menes'),
(4678, 3, 331, 'Munjul'),
(4679, 3, 331, 'Pagelaran'),
(4680, 3, 331, 'Pandeglang'),
(4681, 3, 331, 'Panimbang'),
(4682, 3, 331, 'Patia'),
(4683, 3, 331, 'Picung'),
(4684, 3, 331, 'Pulosari'),
(4685, 3, 331, 'Saketi'),
(4686, 3, 331, 'Sindangresmi'),
(4687, 3, 331, 'Sobang'),
(4688, 3, 331, 'Sukaresmi'),
(4689, 3, 331, 'Sumur'),
(4690, 9, 332, 'Cigugur'),
(4691, 9, 332, 'Cijulang'),
(4692, 9, 332, 'Cimerak'),
(4693, 9, 332, 'Kalipucang'),
(4694, 9, 332, 'Langkaplancar'),
(4695, 9, 332, 'Mangunjaya'),
(4696, 9, 332, 'Padaherang'),
(4697, 9, 332, 'Pangandaran'),
(4698, 9, 332, 'Parigi'),
(4699, 9, 332, 'Sidamulih'),
(4700, 28, 333, 'Balocci'),
(4701, 28, 333, 'Bungoro'),
(4702, 28, 333, 'Labakkang'),
(4703, 28, 333, 'Liukang Kalmas (Kalukuang Masalima)'),
(4704, 28, 333, 'Liukang Tangaya'),
(4705, 28, 333, 'Liukang Tupabbiring'),
(4706, 28, 333, 'Liukang Tupabbiring Utara'),
(4707, 28, 333, 'Mandalle'),
(4708, 28, 333, 'Marang (Ma Rang)'),
(4709, 28, 333, 'Minasa Tene'),
(4710, 28, 333, 'Pangkajene'),
(4711, 28, 333, 'Segeri'),
(4712, 28, 333, 'Tondong Tallasa'),
(4713, 2, 334, 'Bukit Intan'),
(4714, 2, 334, 'Gabek'),
(4715, 2, 334, 'Gerunggang'),
(4716, 2, 334, 'Girimaya'),
(4717, 2, 334, 'Pangkal Balam'),
(4718, 2, 334, 'Rangkui'),
(4719, 2, 334, 'Taman Sari'),
(4720, 24, 335, 'Aradide'),
(4721, 24, 335, 'Bibida'),
(4722, 24, 335, 'Bogobaida'),
(4723, 24, 335, 'Dumadama'),
(4724, 24, 335, 'Ekadide'),
(4725, 24, 335, 'Kebo'),
(4726, 24, 335, 'Paniai Barat'),
(4727, 24, 335, 'Paniai Timur'),
(4728, 24, 335, 'Siriwo'),
(4729, 24, 335, 'Yatamo'),
(4730, 28, 336, 'Bacukiki'),
(4731, 28, 336, 'Bacukiki Barat'),
(4732, 28, 336, 'Soreang'),
(4733, 28, 336, 'Ujung'),
(4734, 32, 337, 'Pariaman Selatan'),
(4735, 32, 337, 'Pariaman Tengah'),
(4736, 32, 337, 'Pariaman Timur'),
(4737, 32, 337, 'Pariaman Utara'),
(4738, 29, 338, 'Ampibabo'),
(4739, 29, 338, 'Balinggi'),
(4740, 29, 338, 'Bolano'),
(4741, 29, 338, 'Bolano Lambunu/Lambulu'),
(4742, 29, 338, 'Kasimbar'),
(4743, 29, 338, 'Mepanga'),
(4744, 29, 338, 'Moutong'),
(4745, 29, 338, 'Ongka Malino'),
(4746, 29, 338, 'Palasa'),
(4747, 29, 338, 'Parigi'),
(4748, 29, 338, 'Parigi Barat'),
(4749, 29, 338, 'Parigi Selatan'),
(4750, 29, 338, 'Parigi Tengah'),
(4751, 29, 338, 'Parigi Utara'),
(4752, 29, 338, 'Sausu'),
(4753, 29, 338, 'Siniu'),
(4754, 29, 338, 'Taopa'),
(4755, 29, 338, 'Tinombo'),
(4756, 29, 338, 'Tinombo Selatan'),
(4757, 29, 338, 'Tomini'),
(4758, 29, 338, 'Toribulu'),
(4759, 29, 338, 'Torue'),
(4760, 32, 339, 'Bonjol'),
(4761, 32, 339, 'Duo Koto (II Koto)'),
(4762, 32, 339, 'Lubuk Sikaping'),
(4763, 32, 339, 'Mapat Tunggul'),
(4764, 32, 339, 'Mapat Tunggul Selatan'),
(4765, 32, 339, 'Padang Gelugur'),
(4766, 32, 339, 'Panti'),
(4767, 32, 339, 'Rao'),
(4768, 32, 339, 'Rao Selatan'),
(4769, 32, 339, 'Rao Utara'),
(4770, 32, 339, 'Simpang Alahan Mati'),
(4771, 32, 339, 'Tigo Nagari (III Nagari)'),
(4772, 32, 340, 'Gunung Tuleh'),
(4773, 32, 340, 'Kinali'),
(4774, 32, 340, 'Koto Balingka'),
(4775, 32, 340, 'Lembah Melintang'),
(4776, 32, 340, 'Luhak Nan Duo'),
(4777, 32, 340, 'Pasaman'),
(4778, 32, 340, 'Ranah Batahan'),
(4779, 32, 340, 'Sasak Ranah Pasisir/Pesisie'),
(4780, 32, 340, 'Sei Beremas'),
(4781, 32, 340, 'Sungai Aur'),
(4782, 32, 340, 'Talamau'),
(4783, 15, 341, 'Batu Engau'),
(4784, 15, 341, 'Batu Sopang'),
(4785, 15, 341, 'Kuaro'),
(4786, 15, 341, 'Long Ikis'),
(4787, 15, 341, 'Long Kali'),
(4788, 15, 341, 'Muara Komam'),
(4789, 15, 341, 'Muara Samu'),
(4790, 15, 341, 'Pasir Belengkong'),
(4791, 15, 341, 'Tanah Grogot'),
(4792, 15, 341, 'Tanjung Harapan'),
(4793, 11, 342, 'Bangil'),
(4794, 11, 342, 'Beji'),
(4795, 11, 342, 'Gempol'),
(4796, 11, 342, 'Gondang Wetan'),
(4797, 11, 342, 'Grati'),
(4798, 11, 342, 'Kejayan'),
(4799, 11, 342, 'Kraton'),
(4800, 11, 342, 'Lekok'),
(4801, 11, 342, 'Lumbang'),
(4802, 11, 342, 'Nguling'),
(4803, 11, 342, 'Pandaan'),
(4804, 11, 342, 'Pasrepan'),
(4805, 11, 342, 'Pohjentrek'),
(4806, 11, 342, 'Prigen'),
(4807, 11, 342, 'Purwodadi'),
(4808, 11, 342, 'Purwosari'),
(4809, 11, 342, 'Puspo'),
(4810, 11, 342, 'Rejoso'),
(4811, 11, 342, 'Rembang'),
(4812, 11, 342, 'Sukorejo'),
(4813, 11, 342, 'Tosari'),
(4814, 11, 342, 'Tutur'),
(4815, 11, 342, 'Winongan'),
(4816, 11, 342, 'Wonorejo'),
(4817, 11, 343, 'Bugul Kidul'),
(4818, 11, 343, 'Gadingrejo'),
(4819, 11, 343, 'Panggungrejo'),
(4820, 11, 343, 'Purworejo'),
(4821, 10, 344, 'Batangan'),
(4822, 10, 344, 'Cluwak'),
(4823, 10, 344, 'Dukuhseti'),
(4824, 10, 344, 'Gabus'),
(4825, 10, 344, 'Gembong'),
(4826, 10, 344, 'Gunungwungkal'),
(4827, 10, 344, 'Jaken'),
(4828, 10, 344, 'Jakenan'),
(4829, 10, 344, 'Juwana'),
(4830, 10, 344, 'Kayen'),
(4831, 10, 344, 'Margorejo'),
(4832, 10, 344, 'Margoyoso'),
(4833, 10, 344, 'Pati'),
(4834, 10, 344, 'Pucakwangi'),
(4835, 10, 344, 'Sukolilo'),
(4836, 10, 344, 'Tambakromo'),
(4837, 10, 344, 'Tayu'),
(4838, 10, 344, 'Tlogowungu'),
(4839, 10, 344, 'Trangkil'),
(4840, 10, 344, 'Wedarijaksa'),
(4841, 10, 344, 'Winong'),
(4842, 32, 345, 'Lamposi Tigo Nagari'),
(4843, 32, 345, 'Payakumbuh Barat'),
(4844, 32, 345, 'Payakumbuh Selatan'),
(4845, 32, 345, 'Payakumbuh Timur'),
(4846, 32, 345, 'Payakumbuh Utara'),
(4847, 25, 346, 'Anggi'),
(4848, 25, 346, 'Anggi Gida'),
(4849, 25, 346, 'Catubouw'),
(4850, 25, 346, 'Didohu'),
(4851, 25, 346, 'Hingk'),
(4852, 25, 346, 'Membey'),
(4853, 25, 346, 'Menyambouw (Minyambouw)'),
(4854, 25, 346, 'Sururey'),
(4855, 25, 346, 'Taige'),
(4856, 25, 346, 'Testega'),
(4857, 24, 347, 'Aboy'),
(4858, 24, 347, 'Alemsom'),
(4859, 24, 347, 'Awinbon'),
(4860, 24, 347, 'Batani'),
(4861, 24, 347, 'Batom'),
(4862, 24, 347, 'Bime'),
(4863, 24, 347, 'Borme'),
(4864, 24, 347, 'Eipumek'),
(4865, 24, 347, 'Iwur (Okiwur)'),
(4866, 24, 347, 'Jetfa'),
(4867, 24, 347, 'Kalomdol'),
(4868, 24, 347, 'Kawor'),
(4869, 24, 347, 'Kiwirok'),
(4870, 24, 347, 'Kiwirok Timur'),
(4871, 24, 347, 'Mofinop'),
(4872, 24, 347, 'Murkim'),
(4873, 24, 347, 'Nongme'),
(4874, 24, 347, 'Ok Aom'),
(4875, 24, 347, 'Okbab'),
(4876, 24, 347, 'Okbape'),
(4877, 24, 347, 'Okbemtau'),
(4878, 24, 347, 'Okbibab'),
(4879, 24, 347, 'Okhika'),
(4880, 24, 347, 'Oklip'),
(4881, 24, 347, 'Oksamol'),
(4882, 24, 347, 'Oksebang'),
(4883, 24, 347, 'Oksibil'),
(4884, 24, 347, 'Oksop'),
(4885, 24, 347, 'Pamek'),
(4886, 24, 347, 'Pepera'),
(4887, 24, 347, 'Serambakon'),
(4888, 24, 347, 'Tarup'),
(4889, 24, 347, 'Teiraplu'),
(4890, 24, 347, 'Weime'),
(4891, 10, 348, 'Bojong'),
(4892, 10, 348, 'Buaran'),
(4893, 10, 348, 'Doro'),
(4894, 10, 348, 'Kajen'),
(4895, 10, 348, 'Kandangserang'),
(4896, 10, 348, 'Karanganyar'),
(4897, 10, 348, 'Karangdadap'),
(4898, 10, 348, 'Kedungwuni'),
(4899, 10, 348, 'Kesesi'),
(4900, 10, 348, 'Lebakbarang'),
(4901, 10, 348, 'Paninggaran'),
(4902, 10, 348, 'Petungkriono/Petungkriyono'),
(4903, 10, 348, 'Siwalan'),
(4904, 10, 348, 'Sragi'),
(4905, 10, 348, 'Talun'),
(4906, 10, 348, 'Tirto'),
(4907, 10, 348, 'Wiradesa'),
(4908, 10, 348, 'Wonokerto'),
(4909, 10, 348, 'Wonopringgo'),
(4910, 10, 349, 'Pekalongan Barat'),
(4911, 10, 349, 'Pekalongan Selatan'),
(4912, 10, 349, 'Pekalongan Timur'),
(4913, 10, 349, 'Pekalongan Utara'),
(4914, 26, 350, 'Bukit Raya'),
(4915, 26, 350, 'Lima Puluh'),
(4916, 26, 350, 'Marpoyan Damai'),
(4917, 26, 350, 'Payung Sekaki'),
(4918, 26, 350, 'Pekanbaru Kota'),
(4919, 26, 350, 'Rumbai'),
(4920, 26, 350, 'Rumbai Pesisir'),
(4921, 26, 350, 'Sail'),
(4922, 26, 350, 'Senapelan'),
(4923, 26, 350, 'Sukajadi'),
(4924, 26, 350, 'Tampan'),
(4925, 26, 350, 'Tenayan Raya'),
(4926, 26, 351, 'Bandar Petalangan'),
(4927, 26, 351, 'Bandar Sei Kijang'),
(4928, 26, 351, 'Bunut'),
(4929, 26, 351, 'Kerumutan'),
(4930, 26, 351, 'Kuala Kampar'),
(4931, 26, 351, 'Langgam'),
(4932, 26, 351, 'Pangkalan Kerinci'),
(4933, 26, 351, 'Pangkalan Kuras'),
(4934, 26, 351, 'Pangkalan Lesung'),
(4935, 26, 351, 'Pelalawan'),
(4936, 26, 351, 'Teluk Meranti'),
(4937, 26, 351, 'Ukui'),
(4938, 10, 352, 'Ampelgading'),
(4939, 10, 352, 'Bantarbolang'),
(4940, 10, 352, 'Belik'),
(4941, 10, 352, 'Bodeh'),
(4942, 10, 352, 'Comal'),
(4943, 10, 352, 'Moga'),
(4944, 10, 352, 'Pemalang'),
(4945, 10, 352, 'Petarukan'),
(4946, 10, 352, 'Pulosari'),
(4947, 10, 352, 'Randudongkal'),
(4948, 10, 352, 'Taman'),
(4949, 10, 352, 'Ulujami'),
(4950, 10, 352, 'Warungpring'),
(4951, 10, 352, 'Watukumpul'),
(4952, 34, 353, 'Siantar Barat'),
(4953, 34, 353, 'Siantar Marihat'),
(4954, 34, 353, 'Siantar Marimbun'),
(4955, 34, 353, 'Siantar Martoba'),
(4956, 34, 353, 'Siantar Selatan'),
(4957, 34, 353, 'Siantar Sitalasari'),
(4958, 34, 353, 'Siantar Timur'),
(4959, 34, 353, 'Siantar Utara'),
(4960, 15, 354, 'Babulu'),
(4961, 15, 354, 'Penajam'),
(4962, 15, 354, 'Sepaku'),
(4963, 15, 354, 'Waru'),
(4964, 18, 355, 'Gedong Tataan (Gedung Tataan)'),
(4965, 18, 355, 'Kedondong'),
(4966, 18, 355, 'Marga Punduh'),
(4967, 18, 355, 'Negeri Katon'),
(4968, 18, 355, 'Padang Cermin'),
(4969, 18, 355, 'Punduh Pidada (Pedada)'),
(4970, 18, 355, 'Tegineneng'),
(4971, 18, 355, 'Way Khilau'),
(4972, 18, 355, 'Way Lima'),
(4973, 18, 356, 'Bengkunat'),
(4974, 18, 356, 'Bengkunat Belimbing'),
(4975, 18, 356, 'Karya Penggawa'),
(4976, 18, 356, 'Krui Selatan'),
(4977, 18, 356, 'Lemong'),
(4978, 18, 356, 'Ngambur'),
(4979, 18, 356, 'Pesisir Selatan'),
(4980, 18, 356, 'Pesisir Tengah'),
(4981, 18, 356, 'Pesisir Utara'),
(4982, 18, 356, 'Pulau Pisang'),
(4983, 18, 356, 'Way Krui'),
(4984, 32, 357, 'Airpura'),
(4985, 32, 357, 'Basa Ampek Balai Tapan'),
(4986, 32, 357, 'Batang Kapas'),
(4987, 32, 357, 'Bayang'),
(4988, 32, 357, 'IV Jurai'),
(4989, 32, 357, 'IV Nagari Bayang Utara'),
(4990, 32, 357, 'Koto XI Tarusan'),
(4991, 32, 357, 'Lengayang'),
(4992, 32, 357, 'Linggo Sari Baganti'),
(4993, 32, 357, 'Lunang'),
(4994, 32, 357, 'Pancung Soal'),
(4995, 32, 357, 'Ranah Ampek Hulu Tapan'),
(4996, 32, 357, 'Ranah Pesisir'),
(4997, 32, 357, 'Silaut'),
(4998, 32, 357, 'Sutera'),
(4999, 21, 358, 'Batee'),
(5000, 21, 358, 'Delima'),
(5001, 21, 358, 'Geumpang'),
(5002, 21, 358, 'Glumpang Baro'),
(5003, 21, 358, 'Glumpang Tiga (Geulumpang Tiga)'),
(5004, 21, 358, 'Grong Grong'),
(5005, 21, 358, 'Indrajaya'),
(5006, 21, 358, 'Kembang Tanjong (Tanjung)'),
(5007, 21, 358, 'Keumala'),
(5008, 21, 358, 'Kota Sigli'),
(5009, 21, 358, 'Mane'),
(5010, 21, 358, 'Mila'),
(5011, 21, 358, 'Muara Tiga'),
(5012, 21, 358, 'Mutiara'),
(5013, 21, 358, 'Mutiara Timur'),
(5014, 21, 358, 'Padang Tiji'),
(5015, 21, 358, 'Peukan Baro'),
(5016, 21, 358, 'Pidie'),
(5017, 21, 358, 'Sakti'),
(5018, 21, 358, 'Simpang Tiga'),
(5019, 21, 358, 'Tangse'),
(5020, 21, 358, 'Tiro/Truseb'),
(5021, 21, 358, 'Titeue'),
(5022, 21, 359, 'Bandar Baru'),
(5023, 21, 359, 'Bandar Dua'),
(5024, 21, 359, 'Jangka Buya'),
(5025, 21, 359, 'Meurah Dua'),
(5026, 21, 359, 'Meureudu'),
(5027, 21, 359, 'Panteraja'),
(5028, 21, 359, 'Trienggadeng'),
(5029, 21, 359, 'Ulim'),
(5030, 28, 360, 'Batulappa'),
(5031, 28, 360, 'Cempa'),
(5032, 28, 360, 'Duampanua'),
(5033, 28, 360, 'Lanrisang'),
(5034, 28, 360, 'Lembang'),
(5035, 28, 360, 'Mattiro Bulu'),
(5036, 28, 360, 'Mattiro Sompe'),
(5037, 28, 360, 'Paleteang'),
(5038, 28, 360, 'Patampanua'),
(5039, 28, 360, 'Suppa'),
(5040, 28, 360, 'Tiroang'),
(5041, 28, 360, 'Watang Sawitto'),
(5042, 7, 361, 'Buntulia'),
(5043, 7, 361, 'Dengilo'),
(5044, 7, 361, 'Duhiadaa'),
(5045, 7, 361, 'Lemito'),
(5046, 7, 361, 'Marisa'),
(5047, 7, 361, 'Paguat'),
(5048, 7, 361, 'Patilanggio'),
(5049, 7, 361, 'Popayato'),
(5050, 7, 361, 'Popayato Barat'),
(5051, 7, 361, 'Popayato Timur'),
(5052, 7, 361, 'Randangan'),
(5053, 7, 361, 'Taluditi (Taluduti)'),
(5054, 7, 361, 'Wanggarasi'),
(5055, 27, 362, 'Alu (Allu)'),
(5056, 27, 362, 'Anreapi'),
(5057, 27, 362, 'Balanipa'),
(5058, 27, 362, 'Binuang'),
(5059, 27, 362, 'Bulo'),
(5060, 27, 362, 'Campalagian'),
(5061, 27, 362, 'Limboro'),
(5062, 27, 362, 'Luyo'),
(5063, 27, 362, 'Mapilli'),
(5064, 27, 362, 'Matakali'),
(5065, 27, 362, 'Matangnga'),
(5066, 27, 362, 'Polewali'),
(5067, 27, 362, 'Tapango'),
(5068, 27, 362, 'Tinambung'),
(5069, 27, 362, 'Tubbi Taramanu (Tutar/Tutallu)'),
(5070, 27, 362, 'Wonomulyo'),
(5071, 11, 363, 'Babadan'),
(5072, 11, 363, 'Badegan'),
(5073, 11, 363, 'Balong'),
(5074, 11, 363, 'Bungkal'),
(5075, 11, 363, 'Jambon'),
(5076, 11, 363, 'Jenangan'),
(5077, 11, 363, 'Jetis'),
(5078, 11, 363, 'Kauman'),
(5079, 11, 363, 'Mlarak'),
(5080, 11, 363, 'Ngebel'),
(5081, 11, 363, 'Ngrayun'),
(5082, 11, 363, 'Ponorogo'),
(5083, 11, 363, 'Pudak'),
(5084, 11, 363, 'Pulung'),
(5085, 11, 363, 'Sambit'),
(5086, 11, 363, 'Sampung'),
(5087, 11, 363, 'Sawoo'),
(5088, 11, 363, 'Siman'),
(5089, 11, 363, 'Slahung'),
(5090, 11, 363, 'Sooko'),
(5091, 11, 363, 'Sukorejo'),
(5092, 12, 364, 'Anjongan'),
(5093, 12, 364, 'Mempawah Hilir'),
(5094, 12, 364, 'Mempawah Timur'),
(5095, 12, 364, 'Sadaniang'),
(5096, 12, 364, 'Segedong'),
(5097, 12, 364, 'Sei/Sungai Kunyit'),
(5098, 12, 364, 'Sei/Sungai Pinyuh'),
(5099, 12, 364, 'Siantan'),
(5100, 12, 364, 'Toho'),
(5101, 12, 365, 'Pontianak Barat'),
(5102, 12, 365, 'Pontianak Kota'),
(5103, 12, 365, 'Pontianak Selatan'),
(5104, 12, 365, 'Pontianak Tenggara'),
(5105, 12, 365, 'Pontianak Timur'),
(5106, 12, 365, 'Pontianak Utara'),
(5107, 29, 366, 'Lage'),
(5108, 29, 366, 'Lore Barat'),
(5109, 29, 366, 'Lore Piore'),
(5110, 29, 366, 'Lore Selatan'),
(5111, 29, 366, 'Lore Tengah'),
(5112, 29, 366, 'Lore Timur'),
(5113, 29, 366, 'Lore Utara'),
(5114, 29, 366, 'Pamona Barat'),
(5115, 29, 366, 'Pamona Puselemba'),
(5116, 29, 366, 'Pamona Selatan'),
(5117, 29, 366, 'Pamona Tenggara'),
(5118, 29, 366, 'Pamona Timur'),
(5119, 29, 366, 'Pamona Utara'),
(5120, 29, 366, 'Poso Kota'),
(5121, 29, 366, 'Poso Kota Selatan'),
(5122, 29, 366, 'Poso Kota Utara'),
(5123, 29, 366, 'Poso Pesisir'),
(5124, 29, 366, 'Poso Pesisir Selatan'),
(5125, 29, 366, 'Poso Pesisir Utara'),
(5126, 33, 367, 'Cambai'),
(5127, 33, 367, 'Prabumulih Barat'),
(5128, 33, 367, 'Prabumulih Selatan'),
(5129, 33, 367, 'Prabumulih Timur'),
(5130, 33, 367, 'Prabumulih Utara'),
(5131, 33, 367, 'Rambang Kapak Tengah'),
(5132, 18, 368, 'Adi Luwih'),
(5133, 18, 368, 'Ambarawa'),
(5134, 18, 368, 'Banyumas'),
(5135, 18, 368, 'Gading Rejo'),
(5136, 18, 368, 'Pagelaran'),
(5137, 18, 368, 'Pagelaran Utara'),
(5138, 18, 368, 'Pardasuka'),
(5139, 18, 368, 'Pringsewu'),
(5140, 18, 368, 'Sukoharjo'),
(5141, 11, 369, 'Bantaran'),
(5142, 11, 369, 'Banyu Anyar'),
(5143, 11, 369, 'Besuk'),
(5144, 11, 369, 'Dringu'),
(5145, 11, 369, 'Gading'),
(5146, 11, 369, 'Gending'),
(5147, 11, 369, 'Kota Anyar'),
(5148, 11, 369, 'Kraksaan'),
(5149, 11, 369, 'Krejengan'),
(5150, 11, 369, 'Krucil'),
(5151, 11, 369, 'Kuripan'),
(5152, 11, 369, 'Leces'),
(5153, 11, 369, 'Lumbang'),
(5154, 11, 369, 'Maron'),
(5155, 11, 369, 'Paiton'),
(5156, 11, 369, 'Pajarakan'),
(5157, 11, 369, 'Pakuniran'),
(5158, 11, 369, 'Sukapura'),
(5159, 11, 369, 'Sumber'),
(5160, 11, 369, 'Sumberasih'),
(5161, 11, 369, 'Tegal Siwalan'),
(5162, 11, 369, 'Tiris'),
(5163, 11, 369, 'Tongas'),
(5164, 11, 369, 'Wonomerto'),
(5165, 11, 370, 'Kademangan'),
(5166, 11, 370, 'Kanigaran'),
(5167, 11, 370, 'Kedopok (Kedopak)'),
(5168, 11, 370, 'Mayangan'),
(5169, 11, 370, 'Wonoasih'),
(5170, 14, 371, 'Banama Tingang'),
(5171, 14, 371, 'Jabiren Raya'),
(5172, 14, 371, 'Kahayan Hilir'),
(5173, 14, 371, 'Kahayan Kuala'),
(5174, 14, 371, 'Kahayan Tengah'),
(5175, 14, 371, 'Maliku'),
(5176, 14, 371, 'Pandih Batu'),
(5177, 14, 371, 'Sebangau Kuala'),
(5178, 20, 372, 'Morotai Jaya'),
(5179, 20, 372, 'Morotai Selatan'),
(5180, 20, 372, 'Morotai Selatan Barat'),
(5181, 20, 372, 'Morotai Timur'),
(5182, 20, 372, 'Morotai Utara'),
(5183, 24, 373, 'Agadugume'),
(5184, 24, 373, 'Beoga'),
(5185, 24, 373, 'Doufu'),
(5186, 24, 373, 'Gome'),
(5187, 24, 373, 'Ilaga'),
(5188, 24, 373, 'Pogoma'),
(5189, 24, 373, 'Sinak'),
(5190, 24, 373, 'Wangbe'),
(5191, 24, 374, 'Fawi'),
(5192, 24, 374, 'Ilu'),
(5193, 24, 374, 'Jigonikme'),
(5194, 24, 374, 'Mewoluk (Mewulok)'),
(5195, 24, 374, 'Mulia'),
(5196, 24, 374, 'Tingginambut'),
(5197, 24, 374, 'Torere'),
(5198, 24, 374, 'Yamo'),
(5199, 10, 375, 'Bobotsari'),
(5200, 10, 375, 'Bojongsari'),
(5201, 10, 375, 'Bukateja'),
(5202, 10, 375, 'Kaligondang'),
(5203, 10, 375, 'Kalimanah'),
(5204, 10, 375, 'Karanganyar'),
(5205, 10, 375, 'Karangjambu'),
(5206, 10, 375, 'Karangmoncol'),
(5207, 10, 375, 'Karangreja'),
(5208, 10, 375, 'Kejobong'),
(5209, 10, 375, 'Kemangkon'),
(5210, 10, 375, 'Kertanegara'),
(5211, 10, 375, 'Kutasari'),
(5212, 10, 375, 'Mrebet'),
(5213, 10, 375, 'Padamara'),
(5214, 10, 375, 'Pengadegan'),
(5215, 10, 375, 'Purbalingga'),
(5216, 10, 375, 'Rembang'),
(5217, 9, 376, 'Babakancikao'),
(5218, 9, 376, 'Bojong'),
(5219, 9, 376, 'Bungursari'),
(5220, 9, 376, 'Campaka'),
(5221, 9, 376, 'Cibatu'),
(5222, 9, 376, 'Darangdan'),
(5223, 9, 376, 'Jatiluhur'),
(5224, 9, 376, 'Kiarapedes'),
(5225, 9, 376, 'Maniis'),
(5226, 9, 376, 'Pasawahan'),
(5227, 9, 376, 'Plered'),
(5228, 9, 376, 'Pondoksalam'),
(5229, 9, 376, 'Purwakarta'),
(5230, 9, 376, 'Sukasari'),
(5231, 9, 376, 'Sukatani'),
(5232, 9, 376, 'Tegal Waru'),
(5233, 9, 376, 'Wanayasa'),
(5234, 10, 377, 'Bagelen'),
(5235, 10, 377, 'Banyuurip'),
(5236, 10, 377, 'Bayan'),
(5237, 10, 377, 'Bener'),
(5238, 10, 377, 'Bruno'),
(5239, 10, 377, 'Butuh'),
(5240, 10, 377, 'Gebang'),
(5241, 10, 377, 'Grabag'),
(5242, 10, 377, 'Kaligesing'),
(5243, 10, 377, 'Kemiri'),
(5244, 10, 377, 'Kutoarjo'),
(5245, 10, 377, 'Loano'),
(5246, 10, 377, 'Ngombol'),
(5247, 10, 377, 'Pituruh'),
(5248, 10, 377, 'Purwodadi'),
(5249, 10, 377, 'Purworejo'),
(5250, 25, 378, 'Ayau'),
(5251, 25, 378, 'Batanta Selatan'),
(5252, 25, 378, 'Batanta Utara'),
(5253, 25, 378, 'Kepulauan Ayau'),
(5254, 25, 378, 'Kepulauan Sembilan'),
(5255, 25, 378, 'Kofiau'),
(5256, 25, 378, 'Kota Waisai'),
(5257, 25, 378, 'Meos Mansar'),
(5258, 25, 378, 'Misool (Misool Utara)'),
(5259, 25, 378, 'Misool Barat'),
(5260, 25, 378, 'Misool Selatan'),
(5261, 25, 378, 'Misool Timur');
INSERT INTO `subdistrict` (`id_subdistrict`, `id_province`, `id_city`, `subdistrict_name`) VALUES
(5262, 25, 378, 'Salawati Barat'),
(5263, 25, 378, 'Salawati Tengah'),
(5264, 25, 378, 'Salawati Utara (Samate)'),
(5265, 25, 378, 'Supnin'),
(5266, 25, 378, 'Teluk Mayalibit'),
(5267, 25, 378, 'Tiplol Mayalibit'),
(5268, 25, 378, 'Waigeo Barat'),
(5269, 25, 378, 'Waigeo Barat Kepulauan'),
(5270, 25, 378, 'Waigeo Selatan'),
(5271, 25, 378, 'Waigeo Timur'),
(5272, 25, 378, 'Waigeo Utara'),
(5273, 25, 378, 'Warwabomi'),
(5274, 4, 379, 'Bermani Ulu'),
(5275, 4, 379, 'Bermani Ulu Raya'),
(5276, 4, 379, 'Binduriang'),
(5277, 4, 379, 'Curup'),
(5278, 4, 379, 'Curup Selatan'),
(5279, 4, 379, 'Curup Tengah'),
(5280, 4, 379, 'Curup Timur'),
(5281, 4, 379, 'Curup Utara'),
(5282, 4, 379, 'Kota Padang'),
(5283, 4, 379, 'Padang Ulak Tanding'),
(5284, 4, 379, 'Selupu Rejang'),
(5285, 4, 379, 'Sindang Beliti Ilir'),
(5286, 4, 379, 'Sindang Beliti Ulu'),
(5287, 4, 379, 'Sindang Daratan'),
(5288, 4, 379, 'Sindang Kelingi'),
(5289, 10, 380, 'Bulu'),
(5290, 10, 380, 'Gunem'),
(5291, 10, 380, 'Kaliori'),
(5292, 10, 380, 'Kragan'),
(5293, 10, 380, 'Lasem'),
(5294, 10, 380, 'Pamotan'),
(5295, 10, 380, 'Pancur'),
(5296, 10, 380, 'Rembang'),
(5297, 10, 380, 'Sale'),
(5298, 10, 380, 'Sarang'),
(5299, 10, 380, 'Sedan'),
(5300, 10, 380, 'Sluke'),
(5301, 10, 380, 'Sulang'),
(5302, 10, 380, 'Sumber'),
(5303, 26, 381, 'Bagan Sinembah'),
(5304, 26, 381, 'Bangko'),
(5305, 26, 381, 'Bangko Pusaka (Pusako)'),
(5306, 26, 381, 'Batu Hampar'),
(5307, 26, 381, 'Kubu'),
(5308, 26, 381, 'Kubu Babussalam'),
(5309, 26, 381, 'Pasir Limau Kapas'),
(5310, 26, 381, 'Pekaitan'),
(5311, 26, 381, 'Pujud'),
(5312, 26, 381, 'Rantau Kopar'),
(5313, 26, 381, 'Rimba Melintang'),
(5314, 26, 381, 'Simpang Kanan'),
(5315, 26, 381, 'Sinaboi (Senaboi)'),
(5316, 26, 381, 'Tanah Putih'),
(5317, 26, 381, 'Tanah Putih Tanjung Melawan'),
(5318, 26, 382, 'Bangun Purba'),
(5319, 26, 382, 'Bonai Darussalam'),
(5320, 26, 382, 'Kabun'),
(5321, 26, 382, 'Kepenuhan'),
(5322, 26, 382, 'Kepenuhan Hulu'),
(5323, 26, 382, 'Kunto Darussalam'),
(5324, 26, 382, 'Pagaran Tapah Darussalam'),
(5325, 26, 382, 'Pendalian IV Koto'),
(5326, 26, 382, 'Rambah'),
(5327, 26, 382, 'Rambah Hilir'),
(5328, 26, 382, 'Rambah Samo'),
(5329, 26, 382, 'Rokan IV Koto'),
(5330, 26, 382, 'Tambusai'),
(5331, 26, 382, 'Tambusai Utara'),
(5332, 26, 382, 'Tandun'),
(5333, 26, 382, 'Ujung Batu'),
(5334, 23, 383, 'Landu Leko'),
(5335, 23, 383, 'Lobalain'),
(5336, 23, 383, 'Ndao Nuse'),
(5337, 23, 383, 'Pantai Baru'),
(5338, 23, 383, 'Rote Barat'),
(5339, 23, 383, 'Rote Barat Daya'),
(5340, 23, 383, 'Rote Barat Laut'),
(5341, 23, 383, 'Rote Selatan'),
(5342, 23, 383, 'Rote Tengah'),
(5343, 23, 383, 'Rote Timur'),
(5344, 21, 384, 'Sukajaya'),
(5345, 21, 384, 'Sukakarya'),
(5346, 23, 385, 'Hawu Mehara'),
(5347, 23, 385, 'Raijua'),
(5348, 23, 385, 'Sabu Barat'),
(5349, 23, 385, 'Sabu Liae'),
(5350, 23, 385, 'Sabu Tengah'),
(5351, 23, 385, 'Sabu Timur'),
(5352, 10, 386, 'Argomulyo'),
(5353, 10, 386, 'Sidomukti'),
(5354, 10, 386, 'Sidorejo'),
(5355, 10, 386, 'Tingkir'),
(5356, 15, 387, 'Loa Janan Ilir'),
(5357, 15, 387, 'Palaran'),
(5358, 15, 387, 'Samarinda Ilir'),
(5359, 15, 387, 'Samarinda Kota'),
(5360, 15, 387, 'Samarinda Seberang'),
(5361, 15, 387, 'Samarinda Ulu'),
(5362, 15, 387, 'Samarinda Utara'),
(5363, 15, 387, 'Sambutan'),
(5364, 15, 387, 'Sungai Kunjang'),
(5365, 15, 387, 'Sungai Pinang'),
(5366, 12, 388, 'Galing'),
(5367, 12, 388, 'Jawai'),
(5368, 12, 388, 'Jawai Selatan'),
(5369, 12, 388, 'Paloh'),
(5370, 12, 388, 'Pemangkat'),
(5371, 12, 388, 'Sajad'),
(5372, 12, 388, 'Sajingan Besar'),
(5373, 12, 388, 'Salatiga'),
(5374, 12, 388, 'Sambas'),
(5375, 12, 388, 'Sebawi'),
(5376, 12, 388, 'Sejangkung'),
(5377, 12, 388, 'Selakau'),
(5378, 12, 388, 'Selakau Timur'),
(5379, 12, 388, 'Semparuk'),
(5380, 12, 388, 'Subah'),
(5381, 12, 388, 'Tangaran'),
(5382, 12, 388, 'Tebas'),
(5383, 12, 388, 'Tekarang'),
(5384, 12, 388, 'Teluk Keramat'),
(5385, 34, 389, 'Harian'),
(5386, 34, 389, 'Nainggolan'),
(5387, 34, 389, 'Onan Runggu'),
(5388, 34, 389, 'Palipi'),
(5389, 34, 389, 'Pangururan'),
(5390, 34, 389, 'Ronggur Nihuta'),
(5391, 34, 389, 'Sianjur Mula-Mula'),
(5392, 34, 389, 'Simanindo'),
(5393, 34, 389, 'Sitio-Tio'),
(5394, 11, 390, 'Banyuates'),
(5395, 11, 390, 'Camplong'),
(5396, 11, 390, 'Jrengik'),
(5397, 11, 390, 'Karang Penang'),
(5398, 11, 390, 'Kedungdung'),
(5399, 11, 390, 'Ketapang'),
(5400, 11, 390, 'Omben'),
(5401, 11, 390, 'Pangarengan'),
(5402, 11, 390, 'Robatal'),
(5403, 11, 390, 'Sampang'),
(5404, 11, 390, 'Sokobanah'),
(5405, 11, 390, 'Sreseh'),
(5406, 11, 390, 'Tambelangan'),
(5407, 11, 390, 'Torjun'),
(5408, 12, 391, 'Balai'),
(5409, 12, 391, 'Beduai (Beduwai)'),
(5410, 12, 391, 'Bonti'),
(5411, 12, 391, 'Entikong'),
(5412, 12, 391, 'Jangkang'),
(5413, 12, 391, 'Kapuas (Sanggau Kapuas)'),
(5414, 12, 391, 'Kembayan'),
(5415, 12, 391, 'Meliau'),
(5416, 12, 391, 'Mukok'),
(5417, 12, 391, 'Noyan'),
(5418, 12, 391, 'Parindu'),
(5419, 12, 391, 'Sekayam'),
(5420, 12, 391, 'Tayan Hilir'),
(5421, 12, 391, 'Tayan Hulu'),
(5422, 12, 391, 'Toba'),
(5423, 24, 392, 'Apawer Hulu'),
(5424, 24, 392, 'Bonggo'),
(5425, 24, 392, 'Bonggo Timur'),
(5426, 24, 392, 'Pantai Barat'),
(5427, 24, 392, 'Pantai Timur'),
(5428, 24, 392, 'Pantai Timur Barat'),
(5429, 24, 392, 'Sarmi'),
(5430, 24, 392, 'Sarmi Selatan'),
(5431, 24, 392, 'Sarmi Timur'),
(5432, 24, 392, 'Tor Atas'),
(5433, 8, 393, 'Air Hitam'),
(5434, 8, 393, 'Batang Asai'),
(5435, 8, 393, 'Bathin VIII (Batin VIII)'),
(5436, 8, 393, 'Cermin Nan Gadang'),
(5437, 8, 393, 'Limun'),
(5438, 8, 393, 'Mandiangin'),
(5439, 8, 393, 'Pauh'),
(5440, 8, 393, 'Pelawan'),
(5441, 8, 393, 'Sarolangun'),
(5442, 8, 393, 'Singkut'),
(5443, 32, 394, 'Barangin'),
(5444, 32, 394, 'Lembah Segar'),
(5445, 32, 394, 'Silungkang'),
(5446, 32, 394, 'Talawi'),
(5447, 12, 395, 'Belitang'),
(5448, 12, 395, 'Belitang Hilir'),
(5449, 12, 395, 'Belitang Hulu'),
(5450, 12, 395, 'Nanga Mahap'),
(5451, 12, 395, 'Nanga Taman'),
(5452, 12, 395, 'Sekadau Hilir'),
(5453, 12, 395, 'Sekadau Hulu'),
(5454, 28, 396, 'Benteng'),
(5455, 28, 396, 'Bontoharu'),
(5456, 28, 396, 'Bontomanai'),
(5457, 28, 396, 'Bontomatene'),
(5458, 28, 396, 'Bontosikuyu'),
(5459, 28, 396, 'Buki'),
(5460, 28, 396, 'Pasilambena'),
(5461, 28, 396, 'Pasimarannu'),
(5462, 28, 396, 'Pasimassunggu'),
(5463, 28, 396, 'Pasimasunggu Timur'),
(5464, 28, 396, 'Takabonerate'),
(5465, 4, 397, 'Air Periukan'),
(5466, 4, 397, 'Ilir Talo'),
(5467, 4, 397, 'Lubuk Sandi'),
(5468, 4, 397, 'Seluma'),
(5469, 4, 397, 'Seluma Barat'),
(5470, 4, 397, 'Seluma Selatan'),
(5471, 4, 397, 'Seluma Timur'),
(5472, 4, 397, 'Seluma Utara'),
(5473, 4, 397, 'Semidang Alas'),
(5474, 4, 397, 'Semidang Alas Maras'),
(5475, 4, 397, 'Sukaraja'),
(5476, 4, 397, 'Talo'),
(5477, 4, 397, 'Talo Kecil'),
(5478, 4, 397, 'Ulu Talo'),
(5479, 10, 398, 'Ambarawa'),
(5480, 10, 398, 'Bancak'),
(5481, 10, 398, 'Bandungan'),
(5482, 10, 398, 'Banyubiru'),
(5483, 10, 398, 'Bawen'),
(5484, 10, 398, 'Bergas'),
(5485, 10, 398, 'Bringin'),
(5486, 10, 398, 'Getasan'),
(5487, 10, 398, 'Jambu'),
(5488, 10, 398, 'Kaliwungu'),
(5489, 10, 398, 'Pabelan'),
(5490, 10, 398, 'Pringapus'),
(5491, 10, 398, 'Sumowono'),
(5492, 10, 398, 'Suruh'),
(5493, 10, 398, 'Susukan'),
(5494, 10, 398, 'Tengaran'),
(5495, 10, 398, 'Tuntang'),
(5496, 10, 398, 'Ungaran Barat'),
(5497, 10, 398, 'Ungaran Timur'),
(5498, 10, 399, 'Banyumanik'),
(5499, 10, 399, 'Candisari'),
(5500, 10, 399, 'Gajah Mungkur'),
(5501, 10, 399, 'Gayamsari'),
(5502, 10, 399, 'Genuk'),
(5503, 10, 399, 'Gunungpati'),
(5504, 10, 399, 'Mijen'),
(5505, 10, 399, 'Ngaliyan'),
(5506, 10, 399, 'Pedurungan'),
(5507, 10, 399, 'Semarang Barat'),
(5508, 10, 399, 'Semarang Selatan'),
(5509, 10, 399, 'Semarang Tengah'),
(5510, 10, 399, 'Semarang Timur'),
(5511, 10, 399, 'Semarang Utara'),
(5512, 10, 399, 'Tembalang'),
(5513, 10, 399, 'Tugu'),
(5514, 19, 400, 'Amalatu'),
(5515, 19, 400, 'Elpaputih'),
(5516, 19, 400, 'Huamual'),
(5517, 19, 400, 'Huamual Belakang (Waisala)'),
(5518, 19, 400, 'Inamosol'),
(5519, 19, 400, 'Kairatu'),
(5520, 19, 400, 'Kairatu Barat'),
(5521, 19, 400, 'Kepulauan Manipa'),
(5522, 19, 400, 'Seram Barat'),
(5523, 19, 400, 'Taniwel'),
(5524, 19, 400, 'Taniwel Timur'),
(5525, 19, 401, 'Bula'),
(5526, 19, 401, 'Bula Barat'),
(5527, 19, 401, 'Gorom Timur'),
(5528, 19, 401, 'Kian Darat'),
(5529, 19, 401, 'Kilmury'),
(5530, 19, 401, 'Pulau Gorong (Gorom)'),
(5531, 19, 401, 'Pulau Panjang'),
(5532, 19, 401, 'Seram Timur'),
(5533, 19, 401, 'Siritaun Wida Timur'),
(5534, 19, 401, 'Siwalalat'),
(5535, 19, 401, 'Teluk Waru'),
(5536, 19, 401, 'Teor'),
(5537, 19, 401, 'Tutuk Tolu'),
(5538, 19, 401, 'Wakate'),
(5539, 19, 401, 'Werinama'),
(5540, 3, 402, 'Anyar'),
(5541, 3, 402, 'Bandung'),
(5542, 3, 402, 'Baros'),
(5543, 3, 402, 'Binuang'),
(5544, 3, 402, 'Bojonegara'),
(5545, 3, 402, 'Carenang (Cerenang)'),
(5546, 3, 402, 'Cikande'),
(5547, 3, 402, 'Cikeusal'),
(5548, 3, 402, 'Cinangka'),
(5549, 3, 402, 'Ciomas'),
(5550, 3, 402, 'Ciruas'),
(5551, 3, 402, 'Gunungsari'),
(5552, 3, 402, 'Jawilan'),
(5553, 3, 402, 'Kibin'),
(5554, 3, 402, 'Kopo'),
(5555, 3, 402, 'Kragilan'),
(5556, 3, 402, 'Kramatwatu'),
(5557, 3, 402, 'Lebak Wangi'),
(5558, 3, 402, 'Mancak'),
(5559, 3, 402, 'Pabuaran'),
(5560, 3, 402, 'Padarincang'),
(5561, 3, 402, 'Pamarayan'),
(5562, 3, 402, 'Petir'),
(5563, 3, 402, 'Pontang'),
(5564, 3, 402, 'Pulo Ampel'),
(5565, 3, 402, 'Tanara'),
(5566, 3, 402, 'Tirtayasa'),
(5567, 3, 402, 'Tunjung Teja'),
(5568, 3, 402, 'Waringin Kurung'),
(5569, 3, 403, 'Cipocok Jaya'),
(5570, 3, 403, 'Curug'),
(5571, 3, 403, 'Kasemen'),
(5572, 3, 403, 'Serang'),
(5573, 3, 403, 'Taktakan'),
(5574, 3, 403, 'Walantaka'),
(5575, 34, 404, 'Bandar Khalifah'),
(5576, 34, 404, 'Bintang Bayu'),
(5577, 34, 404, 'Dolok Masihul'),
(5578, 34, 404, 'Dolok Merawan'),
(5579, 34, 404, 'Kotarih'),
(5580, 34, 404, 'Pantai Cermin'),
(5581, 34, 404, 'Pegajahan'),
(5582, 34, 404, 'Perbaungan'),
(5583, 34, 404, 'Sei Bamban'),
(5584, 34, 404, 'Sei Rampah'),
(5585, 34, 404, 'Serba Jadi'),
(5586, 34, 404, 'Silinda'),
(5587, 34, 404, 'Sipispis'),
(5588, 34, 404, 'Tanjung Beringin'),
(5589, 34, 404, 'Tebing Syahbandar'),
(5590, 34, 404, 'Tebing Tinggi'),
(5591, 34, 404, 'Teluk Mengkudu'),
(5592, 14, 405, 'Batu Ampar'),
(5593, 14, 405, 'Danau Seluluk'),
(5594, 14, 405, 'Danau Sembuluh'),
(5595, 14, 405, 'Hanau'),
(5596, 14, 405, 'Seruyan Hilir'),
(5597, 14, 405, 'Seruyan Hilir Timur'),
(5598, 14, 405, 'Seruyan Hulu'),
(5599, 14, 405, 'Seruyan Raya'),
(5600, 14, 405, 'Seruyan Tengah'),
(5601, 14, 405, 'Suling Tambun'),
(5602, 26, 406, 'Bunga Raya'),
(5603, 26, 406, 'Dayun'),
(5604, 26, 406, 'Kandis'),
(5605, 26, 406, 'Kerinci Kanan'),
(5606, 26, 406, 'Koto Gasib'),
(5607, 26, 406, 'Lubuk Dalam'),
(5608, 26, 406, 'Mempura'),
(5609, 26, 406, 'Minas'),
(5610, 26, 406, 'Pusako'),
(5611, 26, 406, 'Sabak Auh'),
(5612, 26, 406, 'Siak'),
(5613, 26, 406, 'Sungai Apit'),
(5614, 26, 406, 'Sungai Mandau'),
(5615, 26, 406, 'Tualang'),
(5616, 34, 407, 'Sibolga Kota'),
(5617, 34, 407, 'Sibolga Sambas'),
(5618, 34, 407, 'Sibolga Selatan'),
(5619, 34, 407, 'Sibolga Utara'),
(5620, 28, 408, 'Baranti'),
(5621, 28, 408, 'Dua Pitue'),
(5622, 28, 408, 'Kulo'),
(5623, 28, 408, 'Maritengngae'),
(5624, 28, 408, 'Panca Lautan (Lautang)'),
(5625, 28, 408, 'Panca Rijang'),
(5626, 28, 408, 'Pitu Raise/Riase'),
(5627, 28, 408, 'Pitu Riawa'),
(5628, 28, 408, 'Tellu Limpoe'),
(5629, 28, 408, 'Watang Pulu'),
(5630, 28, 408, 'Wattang Sidenreng (Watang Sidenreng)'),
(5631, 11, 409, 'Balongbendo'),
(5632, 11, 409, 'Buduran'),
(5633, 11, 409, 'Candi'),
(5634, 11, 409, 'Gedangan'),
(5635, 11, 409, 'Jabon'),
(5636, 11, 409, 'Krembung'),
(5637, 11, 409, 'Krian'),
(5638, 11, 409, 'Porong'),
(5639, 11, 409, 'Prambon'),
(5640, 11, 409, 'Sedati'),
(5641, 11, 409, 'Sidoarjo'),
(5642, 11, 409, 'Sukodono'),
(5643, 11, 409, 'Taman'),
(5644, 11, 409, 'Tanggulangin'),
(5645, 11, 409, 'Tarik'),
(5646, 11, 409, 'Tulangan'),
(5647, 11, 409, 'Waru'),
(5648, 11, 409, 'Wonoayu'),
(5649, 29, 410, 'Dolo'),
(5650, 29, 410, 'Dolo Barat'),
(5651, 29, 410, 'Dolo Selatan'),
(5652, 29, 410, 'Gumbasa'),
(5653, 29, 410, 'Kinovaru'),
(5654, 29, 410, 'Kulawi'),
(5655, 29, 410, 'Kulawi Selatan'),
(5656, 29, 410, 'Lindu'),
(5657, 29, 410, 'Marawola'),
(5658, 29, 410, 'Marawola Barat'),
(5659, 29, 410, 'Nokilalaki'),
(5660, 29, 410, 'Palolo'),
(5661, 29, 410, 'Pipikoro'),
(5662, 29, 410, 'Sigi Biromaru'),
(5663, 29, 410, 'Tanambulava'),
(5664, 32, 411, 'IV Nagari'),
(5665, 32, 411, 'Kamang Baru'),
(5666, 32, 411, 'Koto VII'),
(5667, 32, 411, 'Kupitan'),
(5668, 32, 411, 'Lubuak Tarok'),
(5669, 32, 411, 'Sijunjung'),
(5670, 32, 411, 'Sumpur Kudus'),
(5671, 32, 411, 'Tanjung Gadang'),
(5672, 23, 412, 'Alok'),
(5673, 23, 412, 'Alok Barat'),
(5674, 23, 412, 'Alok Timur'),
(5675, 23, 412, 'Bola'),
(5676, 23, 412, 'Doreng'),
(5677, 23, 412, 'Hewokloang'),
(5678, 23, 412, 'Kangae'),
(5679, 23, 412, 'Kewapante'),
(5680, 23, 412, 'Koting'),
(5681, 23, 412, 'Lela'),
(5682, 23, 412, 'Magepanda'),
(5683, 23, 412, 'Mapitara'),
(5684, 23, 412, 'Mego'),
(5685, 23, 412, 'Nelle (Maumerei)'),
(5686, 23, 412, 'Nita'),
(5687, 23, 412, 'Paga'),
(5688, 23, 412, 'Palue'),
(5689, 23, 412, 'Talibura'),
(5690, 23, 412, 'Tana Wawo'),
(5691, 23, 412, 'Waiblama'),
(5692, 23, 412, 'Waigete'),
(5693, 34, 413, 'Bandar'),
(5694, 34, 413, 'Bandar Huluan'),
(5695, 34, 413, 'Bandar Masilam'),
(5696, 34, 413, 'Bosar Maligas'),
(5697, 34, 413, 'Dolok Batu Nanggar'),
(5698, 34, 413, 'Dolok Panribuan'),
(5699, 34, 413, 'Dolok Pardamean'),
(5700, 34, 413, 'Dolok Silau'),
(5701, 34, 413, 'Girsang Sipangan Bolon'),
(5702, 34, 413, 'Gunung Malela'),
(5703, 34, 413, 'Gunung Maligas'),
(5704, 34, 413, 'Haranggaol Horison'),
(5705, 34, 413, 'Hatonduhan'),
(5706, 34, 413, 'Huta Bayu Raja'),
(5707, 34, 413, 'Jawa Maraja Bah Jambi'),
(5708, 34, 413, 'Jorlang Hataran'),
(5709, 34, 413, 'Panei'),
(5710, 34, 413, 'Panombeian Panei'),
(5711, 34, 413, 'Pematang Bandar'),
(5712, 34, 413, 'Pematang Sidamanik'),
(5713, 34, 413, 'Pematang Silima Huta'),
(5714, 34, 413, 'Purba'),
(5715, 34, 413, 'Raya'),
(5716, 34, 413, 'Raya Kahean'),
(5717, 34, 413, 'Siantar'),
(5718, 34, 413, 'Sidamanik'),
(5719, 34, 413, 'Silimakuta'),
(5720, 34, 413, 'Silou Kahean'),
(5721, 34, 413, 'Tanah Jawa'),
(5722, 34, 413, 'Tapian Dolok'),
(5723, 34, 413, 'Ujung Padang'),
(5724, 21, 414, 'Alapan (Alafan)'),
(5725, 21, 414, 'Salang'),
(5726, 21, 414, 'Simeuleu Barat'),
(5727, 21, 414, 'Simeuleu Tengah'),
(5728, 21, 414, 'Simeuleu Timur'),
(5729, 21, 414, 'Simeulue Cut'),
(5730, 21, 414, 'Teluk Dalam'),
(5731, 21, 414, 'Teupah Barat'),
(5732, 21, 414, 'Teupah Selatan'),
(5733, 21, 414, 'Teupah Tengah'),
(5734, 12, 415, 'Singkawang Barat'),
(5735, 12, 415, 'Singkawang Selatan'),
(5736, 12, 415, 'Singkawang Tengah'),
(5737, 12, 415, 'Singkawang Timur'),
(5738, 12, 415, 'Singkawang Utara'),
(5739, 28, 416, 'Bulupoddo'),
(5740, 28, 416, 'Pulau Sembilan'),
(5741, 28, 416, 'Sinjai Barat'),
(5742, 28, 416, 'Sinjai Borong'),
(5743, 28, 416, 'Sinjai Selatan'),
(5744, 28, 416, 'Sinjai Tengah'),
(5745, 28, 416, 'Sinjai Timur'),
(5746, 28, 416, 'Sinjai Utara'),
(5747, 28, 416, 'Tellu Limpoe'),
(5748, 12, 417, 'Ambalau'),
(5749, 12, 417, 'Binjai Hulu'),
(5750, 12, 417, 'Dedai'),
(5751, 12, 417, 'Kayan Hilir'),
(5752, 12, 417, 'Kayan Hulu'),
(5753, 12, 417, 'Kelam Permai'),
(5754, 12, 417, 'Ketungau Hilir'),
(5755, 12, 417, 'Ketungau Hulu'),
(5756, 12, 417, 'Ketungau Tengah'),
(5757, 12, 417, 'Sepauk'),
(5758, 12, 417, 'Serawai (Nanga Serawai)'),
(5759, 12, 417, 'Sintang'),
(5760, 12, 417, 'Sungai Tebelian'),
(5761, 12, 417, 'Tempunak'),
(5762, 11, 418, 'Arjasa'),
(5763, 11, 418, 'Asembagus'),
(5764, 11, 418, 'Banyuglugur'),
(5765, 11, 418, 'Banyuputih'),
(5766, 11, 418, 'Besuki'),
(5767, 11, 418, 'Bungatan'),
(5768, 11, 418, 'Jangkar'),
(5769, 11, 418, 'Jatibanteng'),
(5770, 11, 418, 'Kapongan'),
(5771, 11, 418, 'Kendit'),
(5772, 11, 418, 'Mangaran'),
(5773, 11, 418, 'Mlandingan'),
(5774, 11, 418, 'Panarukan'),
(5775, 11, 418, 'Panji'),
(5776, 11, 418, 'Situbondo'),
(5777, 11, 418, 'Suboh'),
(5778, 11, 418, 'Sumbermalang'),
(5779, 5, 419, 'Berbah'),
(5780, 5, 419, 'Cangkringan'),
(5781, 5, 419, 'Depok'),
(5782, 5, 419, 'Gamping'),
(5783, 5, 419, 'Godean'),
(5784, 5, 419, 'Kalasan'),
(5785, 5, 419, 'Minggir'),
(5786, 5, 419, 'Mlati'),
(5787, 5, 419, 'Moyudan'),
(5788, 5, 419, 'Ngaglik'),
(5789, 5, 419, 'Ngemplak'),
(5790, 5, 419, 'Pakem'),
(5791, 5, 419, 'Prambanan'),
(5792, 5, 419, 'Seyegan'),
(5793, 5, 419, 'Sleman'),
(5794, 5, 419, 'Tempel'),
(5795, 5, 419, 'Turi'),
(5796, 32, 420, 'Bukit Sundi'),
(5797, 32, 420, 'Danau Kembar'),
(5798, 32, 420, 'Gunung Talang'),
(5799, 32, 420, 'Hiliran Gumanti'),
(5800, 32, 420, 'IX Koto Sei Lasi'),
(5801, 32, 420, 'Junjung Sirih'),
(5802, 32, 420, 'Kubung'),
(5803, 32, 420, 'Lembah Gumanti'),
(5804, 32, 420, 'Lembang Jaya'),
(5805, 32, 420, 'Pantai Cermin'),
(5806, 32, 420, 'Payung Sekaki'),
(5807, 32, 420, 'Tigo Lurah'),
(5808, 32, 420, 'X Koto Diatas'),
(5809, 32, 420, 'X Koto Singkarak'),
(5810, 32, 421, 'Lubuk Sikarah'),
(5811, 32, 421, 'Tanjung Harapan'),
(5812, 32, 422, 'Koto Parik Gadang Diateh'),
(5813, 32, 422, 'Pauh Duo'),
(5814, 32, 422, 'Sangir'),
(5815, 32, 422, 'Sangir Balai Janggo'),
(5816, 32, 422, 'Sangir Batang Hari'),
(5817, 32, 422, 'Sangir Jujuan'),
(5818, 32, 422, 'Sungai Pagu'),
(5819, 28, 423, 'Citta'),
(5820, 28, 423, 'Donri-Donri'),
(5821, 28, 423, 'Ganra'),
(5822, 28, 423, 'Lalabata'),
(5823, 28, 423, 'Lili Rilau'),
(5824, 28, 423, 'Liliraja (Lili Riaja)'),
(5825, 28, 423, 'Mario Riawa'),
(5826, 28, 423, 'Mario Riwawo'),
(5827, 25, 424, 'Aimas'),
(5828, 25, 424, 'Beraur'),
(5829, 25, 424, 'Klabot'),
(5830, 25, 424, 'Klamono'),
(5831, 25, 424, 'Klaso'),
(5832, 25, 424, 'Klawak'),
(5833, 25, 424, 'Klayili'),
(5834, 25, 424, 'Makbon'),
(5835, 25, 424, 'Mariat'),
(5836, 25, 424, 'Maudus'),
(5837, 25, 424, 'Mayamuk'),
(5838, 25, 424, 'Moisegen'),
(5839, 25, 424, 'Salawati'),
(5840, 25, 424, 'Salawati Selatan'),
(5841, 25, 424, 'Sayosa'),
(5842, 25, 424, 'Seget'),
(5843, 25, 424, 'Segun'),
(5844, 25, 425, 'Sorong'),
(5845, 25, 425, 'Sorong Barat'),
(5846, 25, 425, 'Sorong Kepulauan'),
(5847, 25, 425, 'Sorong Manoi'),
(5848, 25, 425, 'Sorong Timur'),
(5849, 25, 425, 'Sorong Utara'),
(5850, 25, 426, 'Fokour'),
(5851, 25, 426, 'Inanwatan (Inawatan)'),
(5852, 25, 426, 'Kais (Matemani Kais)'),
(5853, 25, 426, 'Kokoda'),
(5854, 25, 426, 'Kokoda Utara'),
(5855, 25, 426, 'Konda'),
(5856, 25, 426, 'Matemani'),
(5857, 25, 426, 'Moswaren'),
(5858, 25, 426, 'Saifi'),
(5859, 25, 426, 'Sawiat'),
(5860, 25, 426, 'Seremuk'),
(5861, 25, 426, 'Teminabuan'),
(5862, 25, 426, 'Wayer'),
(5863, 10, 427, 'Gemolong'),
(5864, 10, 427, 'Gesi'),
(5865, 10, 427, 'Gondang'),
(5866, 10, 427, 'Jenar'),
(5867, 10, 427, 'Kalijambe'),
(5868, 10, 427, 'Karangmalang'),
(5869, 10, 427, 'Kedawung'),
(5870, 10, 427, 'Masaran'),
(5871, 10, 427, 'Miri'),
(5872, 10, 427, 'Mondokan'),
(5873, 10, 427, 'Ngrampal'),
(5874, 10, 427, 'Plupuh'),
(5875, 10, 427, 'Sambirejo'),
(5876, 10, 427, 'Sambung Macan'),
(5877, 10, 427, 'Sidoharjo'),
(5878, 10, 427, 'Sragen'),
(5879, 10, 427, 'Sukodono'),
(5880, 10, 427, 'Sumberlawang'),
(5881, 10, 427, 'Tangen'),
(5882, 10, 427, 'Tanon'),
(5883, 9, 428, 'Binong'),
(5884, 9, 428, 'Blanakan'),
(5885, 9, 428, 'Ciasem'),
(5886, 9, 428, 'Ciater'),
(5887, 9, 428, 'Cibogo'),
(5888, 9, 428, 'Cijambe'),
(5889, 9, 428, 'Cikaum'),
(5890, 9, 428, 'Cipeundeuy'),
(5891, 9, 428, 'Cipunagara'),
(5892, 9, 428, 'Cisalak'),
(5893, 9, 428, 'Compreng'),
(5894, 9, 428, 'Dawuan'),
(5895, 9, 428, 'Jalancagak'),
(5896, 9, 428, 'Kalijati'),
(5897, 9, 428, 'Kasomalang'),
(5898, 9, 428, 'Legonkulon'),
(5899, 9, 428, 'Pabuaran'),
(5900, 9, 428, 'Pagaden'),
(5901, 9, 428, 'Pagaden Barat'),
(5902, 9, 428, 'Pamanukan'),
(5903, 9, 428, 'Patokbeusi'),
(5904, 9, 428, 'Purwadadi'),
(5905, 9, 428, 'Pusakajaya'),
(5906, 9, 428, 'Pusakanagara'),
(5907, 9, 428, 'Sagalaherang'),
(5908, 9, 428, 'Serangpanjang'),
(5909, 9, 428, 'Subang'),
(5910, 9, 428, 'Sukasari'),
(5911, 9, 428, 'Tambakdahan'),
(5912, 9, 428, 'Tanjungsiang'),
(5913, 21, 429, 'Longkib'),
(5914, 21, 429, 'Penanggalan'),
(5915, 21, 429, 'Rundeng'),
(5916, 21, 429, 'Simpang Kiri'),
(5917, 21, 429, 'Sultan Daulat'),
(5918, 9, 430, 'Bantargadung'),
(5919, 9, 430, 'Bojong Genteng'),
(5920, 9, 430, 'Caringin'),
(5921, 9, 430, 'Ciambar'),
(5922, 9, 430, 'Cibadak'),
(5923, 9, 430, 'Cibitung'),
(5924, 9, 430, 'Cicantayan'),
(5925, 9, 430, 'Cicurug'),
(5926, 9, 430, 'Cidadap'),
(5927, 9, 430, 'Cidahu'),
(5928, 9, 430, 'Cidolog'),
(5929, 9, 430, 'Ciemas'),
(5930, 9, 430, 'Cikakak'),
(5931, 9, 430, 'Cikembar'),
(5932, 9, 430, 'Cikidang'),
(5933, 9, 430, 'Cimanggu'),
(5934, 9, 430, 'Ciracap'),
(5935, 9, 430, 'Cireunghas'),
(5936, 9, 430, 'Cisaat'),
(5937, 9, 430, 'Cisolok'),
(5938, 9, 430, 'Curugkembar'),
(5939, 9, 430, 'Geger Bitung'),
(5940, 9, 430, 'Gunung Guruh'),
(5941, 9, 430, 'Jampang Kulon'),
(5942, 9, 430, 'Jampang Tengah'),
(5943, 9, 430, 'Kabandungan'),
(5944, 9, 430, 'Kadudampit'),
(5945, 9, 430, 'Kalapa Nunggal'),
(5946, 9, 430, 'Kali Bunder'),
(5947, 9, 430, 'Kebonpedes'),
(5948, 9, 430, 'Lengkong'),
(5949, 9, 430, 'Nagrak'),
(5950, 9, 430, 'Nyalindung'),
(5951, 9, 430, 'Pabuaran'),
(5952, 9, 430, 'Parakan Salak'),
(5953, 9, 430, 'Parung Kuda'),
(5954, 9, 430, 'Pelabuhan/Palabuhan Ratu'),
(5955, 9, 430, 'Purabaya'),
(5956, 9, 430, 'Sagaranten'),
(5957, 9, 430, 'Simpenan'),
(5958, 9, 430, 'Sukabumi'),
(5959, 9, 430, 'Sukalarang'),
(5960, 9, 430, 'Sukaraja'),
(5961, 9, 430, 'Surade'),
(5962, 9, 430, 'Tegal Buleud'),
(5963, 9, 430, 'Waluran'),
(5964, 9, 430, 'Warung Kiara'),
(5965, 9, 431, 'Baros'),
(5966, 9, 431, 'Cibeureum'),
(5967, 9, 431, 'Cikole'),
(5968, 9, 431, 'Citamiang'),
(5969, 9, 431, 'Gunung Puyuh'),
(5970, 9, 431, 'Lembursitu'),
(5971, 9, 431, 'Warudoyong'),
(5972, 14, 432, 'Balai Riam'),
(5973, 14, 432, 'Jelai'),
(5974, 14, 432, 'Pantai Lunci'),
(5975, 14, 432, 'Permata Kecubung'),
(5976, 14, 432, 'Sukamara'),
(5977, 10, 433, 'Baki'),
(5978, 10, 433, 'Bendosari'),
(5979, 10, 433, 'Bulu'),
(5980, 10, 433, 'Gatak'),
(5981, 10, 433, 'Grogol'),
(5982, 10, 433, 'Kartasura'),
(5983, 10, 433, 'Mojolaban'),
(5984, 10, 433, 'Nguter'),
(5985, 10, 433, 'Polokarto'),
(5986, 10, 433, 'Sukoharjo'),
(5987, 10, 433, 'Tawangsari'),
(5988, 10, 433, 'Weru'),
(5989, 23, 434, 'Kota Waikabubak'),
(5990, 23, 434, 'Lamboya'),
(5991, 23, 434, 'Lamboya Barat'),
(5992, 23, 434, 'Loli'),
(5993, 23, 434, 'Tana Righu'),
(5994, 23, 434, 'Wanokaka'),
(5995, 23, 435, 'Kodi'),
(5996, 23, 435, 'Kodi Balaghar'),
(5997, 23, 435, 'Kodi Bangedo'),
(5998, 23, 435, 'Kodi Utara'),
(5999, 23, 435, 'Kota Tambolaka'),
(6000, 23, 435, 'Loura (Laura)'),
(6001, 23, 435, 'Wewewa Barat'),
(6002, 23, 435, 'Wewewa Selatan'),
(6003, 23, 435, 'Wewewa Tengah (Wewera Tengah)'),
(6004, 23, 435, 'Wewewa Timur'),
(6005, 23, 435, 'Wewewa Utara'),
(6006, 23, 436, 'Katikutana'),
(6007, 23, 436, 'Katikutana Selatan'),
(6008, 23, 436, 'Mamboro'),
(6009, 23, 436, 'Umbu Ratu Nggay'),
(6010, 23, 436, 'Umbu Ratu Nggay Barat'),
(6011, 23, 437, 'Haharu'),
(6012, 23, 437, 'Kahaunguweti (Kahaungu Eti)'),
(6013, 23, 437, 'Kambata Mapambuhang'),
(6014, 23, 437, 'Kambera'),
(6015, 23, 437, 'Kanatang'),
(6016, 23, 437, 'Karera'),
(6017, 23, 437, 'Katala Hamu Lingu'),
(6018, 23, 437, 'Kota Waingapu'),
(6019, 23, 437, 'Lewa'),
(6020, 23, 437, 'Lewa Tidahu'),
(6021, 23, 437, 'Mahu'),
(6022, 23, 437, 'Matawai Lappau (La Pawu)'),
(6023, 23, 437, 'Ngadu Ngala'),
(6024, 23, 437, 'Nggaha Oriangu'),
(6025, 23, 437, 'Paberiwai'),
(6026, 23, 437, 'Pahunga Lodu'),
(6027, 23, 437, 'Pandawai'),
(6028, 23, 437, 'Pinupahar (Pirapahar)'),
(6029, 23, 437, 'Rindi'),
(6030, 23, 437, 'Tabundung'),
(6031, 23, 437, 'Umalulu'),
(6032, 23, 437, 'Wula Waijelu'),
(6033, 22, 438, 'Alas'),
(6034, 22, 438, 'Alas Barat'),
(6035, 22, 438, 'Batulanteh'),
(6036, 22, 438, 'Buer'),
(6037, 22, 438, 'Empang'),
(6038, 22, 438, 'Labangka'),
(6039, 22, 438, 'Labuhan Badas'),
(6040, 22, 438, 'Lantung'),
(6041, 22, 438, 'Lape (Lape Lopok)'),
(6042, 22, 438, 'Lenangguar'),
(6043, 22, 438, 'Lopok'),
(6044, 22, 438, 'Lunyuk'),
(6045, 22, 438, 'Maronge'),
(6046, 22, 438, 'Moyo Hilir'),
(6047, 22, 438, 'Moyo Hulu'),
(6048, 22, 438, 'Moyo Utara'),
(6049, 22, 438, 'Orong Telu'),
(6050, 22, 438, 'Plampang'),
(6051, 22, 438, 'Rhee'),
(6052, 22, 438, 'Ropang'),
(6053, 22, 438, 'Sumbawa'),
(6054, 22, 438, 'Tarano'),
(6055, 22, 438, 'Unter Iwes (Unterwiris)'),
(6056, 22, 438, 'Utan'),
(6057, 22, 439, 'Brang Ene'),
(6058, 22, 439, 'Brang Rea'),
(6059, 22, 439, 'Jereweh'),
(6060, 22, 439, 'Maluk'),
(6061, 22, 439, 'Poto Tano'),
(6062, 22, 439, 'Sateluk (Seteluk)'),
(6063, 22, 439, 'Sekongkang'),
(6064, 22, 439, 'Taliwang'),
(6065, 9, 440, 'Buahdua'),
(6066, 9, 440, 'Cibugel'),
(6067, 9, 440, 'Cimalaka'),
(6068, 9, 440, 'Cimanggung'),
(6069, 9, 440, 'Cisarua'),
(6070, 9, 440, 'Cisitu'),
(6071, 9, 440, 'Conggeang'),
(6072, 9, 440, 'Darmaraja'),
(6073, 9, 440, 'Ganeas'),
(6074, 9, 440, 'Jatigede'),
(6075, 9, 440, 'Jatinangor'),
(6076, 9, 440, 'Jatinunggal'),
(6077, 9, 440, 'Pamulihan'),
(6078, 9, 440, 'Paseh'),
(6079, 9, 440, 'Rancakalong'),
(6080, 9, 440, 'Situraja'),
(6081, 9, 440, 'Sukasari'),
(6082, 9, 440, 'Sumedang Selatan'),
(6083, 9, 440, 'Sumedang Utara'),
(6084, 9, 440, 'Surian'),
(6085, 9, 440, 'Tanjungkerta'),
(6086, 9, 440, 'Tanjungmedar'),
(6087, 9, 440, 'Tanjungsari'),
(6088, 9, 440, 'Tomo'),
(6089, 9, 440, 'Ujungjaya'),
(6090, 9, 440, 'Wado'),
(6091, 11, 441, 'Ambunten'),
(6092, 11, 441, 'Arjasa'),
(6093, 11, 441, 'Batang Batang'),
(6094, 11, 441, 'Batuan'),
(6095, 11, 441, 'Batuputih'),
(6096, 11, 441, 'Bluto'),
(6097, 11, 441, 'Dasuk'),
(6098, 11, 441, 'Dungkek'),
(6099, 11, 441, 'Ganding'),
(6100, 11, 441, 'Gapura'),
(6101, 11, 441, 'Gayam'),
(6102, 11, 441, 'Gili Ginting (Giligenteng)'),
(6103, 11, 441, 'Guluk Guluk'),
(6104, 11, 441, 'Kalianget'),
(6105, 11, 441, 'Kangayan'),
(6106, 11, 441, 'Kota Sumenep'),
(6107, 11, 441, 'Lenteng'),
(6108, 11, 441, 'Manding'),
(6109, 11, 441, 'Masalembu'),
(6110, 11, 441, 'Nonggunong'),
(6111, 11, 441, 'Pasongsongan'),
(6112, 11, 441, 'Pragaan'),
(6113, 11, 441, 'Ra\'as (Raas)'),
(6114, 11, 441, 'Rubaru'),
(6115, 11, 441, 'Sapeken'),
(6116, 11, 441, 'Saronggi'),
(6117, 11, 441, 'Talango'),
(6118, 8, 442, 'Hamparan Rawang'),
(6119, 8, 442, 'Koto Baru'),
(6120, 8, 442, 'Kumun Debai'),
(6121, 8, 442, 'Pesisir Bukit'),
(6122, 8, 442, 'Pondok Tinggi'),
(6123, 8, 442, 'Sungai Bungkal'),
(6124, 8, 442, 'Sungai Penuh'),
(6125, 8, 442, 'Tanah Kampung'),
(6126, 24, 443, 'Kepulauan Aruri'),
(6127, 24, 443, 'Supiori Barat'),
(6128, 24, 443, 'Supiori Selatan'),
(6129, 24, 443, 'Supiori Timur'),
(6130, 24, 443, 'Supiori Utara'),
(6131, 11, 444, 'Asemrowo'),
(6132, 11, 444, 'Benowo'),
(6133, 11, 444, 'Bubutan'),
(6134, 11, 444, 'Bulak'),
(6135, 11, 444, 'Dukuh Pakis'),
(6136, 11, 444, 'Gayungan'),
(6137, 11, 444, 'Genteng'),
(6138, 11, 444, 'Gubeng'),
(6139, 11, 444, 'Gununganyar'),
(6140, 11, 444, 'Jambangan'),
(6141, 11, 444, 'Karangpilang'),
(6142, 11, 444, 'Kenjeran'),
(6143, 11, 444, 'Krembangan'),
(6144, 11, 444, 'Lakar Santri'),
(6145, 11, 444, 'Mulyorejo'),
(6146, 11, 444, 'Pabean Cantikan'),
(6147, 11, 444, 'Pakal'),
(6148, 11, 444, 'Rungkut'),
(6149, 11, 444, 'Sambikerep'),
(6150, 11, 444, 'Sawahan'),
(6151, 11, 444, 'Semampir'),
(6152, 11, 444, 'Simokerto'),
(6153, 11, 444, 'Sukolilo'),
(6154, 11, 444, 'Sukomanunggal'),
(6155, 11, 444, 'Tambaksari'),
(6156, 11, 444, 'Tandes'),
(6157, 11, 444, 'Tegalsari'),
(6158, 11, 444, 'Tenggilis Mejoyo'),
(6159, 11, 444, 'Wiyung'),
(6160, 11, 444, 'Wonocolo'),
(6161, 11, 444, 'Wonokromo'),
(6162, 10, 445, 'Banjarsari'),
(6163, 10, 445, 'Jebres'),
(6164, 10, 445, 'Laweyan'),
(6165, 10, 445, 'Pasar Kliwon'),
(6166, 10, 445, 'Serengan'),
(6167, 13, 446, 'Banua Lawas'),
(6168, 13, 446, 'Bintang Ara'),
(6169, 13, 446, 'Haruai'),
(6170, 13, 446, 'Jaro'),
(6171, 13, 446, 'Kelua (Klua)'),
(6172, 13, 446, 'Muara Harus'),
(6173, 13, 446, 'Muara Uya'),
(6174, 13, 446, 'Murung Pudak'),
(6175, 13, 446, 'Pugaan'),
(6176, 13, 446, 'Tanjung'),
(6177, 13, 446, 'Tanta'),
(6178, 13, 446, 'Upau'),
(6179, 1, 447, 'Baturiti'),
(6180, 1, 447, 'Kediri'),
(6181, 1, 447, 'Kerambitan'),
(6182, 1, 447, 'Marga'),
(6183, 1, 447, 'Penebel'),
(6184, 1, 447, 'Pupuan'),
(6185, 1, 447, 'Selemadeg'),
(6186, 1, 447, 'Selemadeg / Salamadeg Timur'),
(6187, 1, 447, 'Selemadeg / Salemadeg Barat'),
(6188, 1, 447, 'Tabanan'),
(6189, 28, 448, 'Galesong'),
(6190, 28, 448, 'Galesong Selatan'),
(6191, 28, 448, 'Galesong Utara'),
(6192, 28, 448, 'Mangara Bombang'),
(6193, 28, 448, 'Mappakasunggu'),
(6194, 28, 448, 'Patallassang'),
(6195, 28, 448, 'Polombangkeng Selatan (Polobangkeng)'),
(6196, 28, 448, 'Polombangkeng Utara (Polobangkeng)'),
(6197, 28, 448, 'Sanrobone'),
(6198, 25, 449, 'Abun'),
(6199, 25, 449, 'Amberbaken'),
(6200, 25, 449, 'Fef (Peef)'),
(6201, 25, 449, 'Kebar'),
(6202, 25, 449, 'Kwoor'),
(6203, 25, 449, 'Miyah (Meyah)'),
(6204, 25, 449, 'Moraid'),
(6205, 25, 449, 'Mubrani'),
(6206, 25, 449, 'Sausapor'),
(6207, 25, 449, 'Senopi'),
(6208, 25, 449, 'Syujak'),
(6209, 25, 449, 'Yembun'),
(6210, 16, 450, 'Betayau'),
(6211, 16, 450, 'Sesayap'),
(6212, 16, 450, 'Sesayap Hilir'),
(6213, 16, 450, 'Tana Lia (Tanah Lia)'),
(6214, 28, 451, 'Bittuang'),
(6215, 28, 451, 'Bonggakaradeng'),
(6216, 28, 451, 'Gandang Batu Sillanan'),
(6217, 28, 451, 'Kurra'),
(6218, 28, 451, 'Makale'),
(6219, 28, 451, 'Makale Selatan'),
(6220, 28, 451, 'Makale Utara'),
(6221, 28, 451, 'Malimbong Balepe'),
(6222, 28, 451, 'Mappak'),
(6223, 28, 451, 'Masanda'),
(6224, 28, 451, 'Mengkendek'),
(6225, 28, 451, 'Rano'),
(6226, 28, 451, 'Rantetayo'),
(6227, 28, 451, 'Rembon'),
(6228, 28, 451, 'Saluputti'),
(6229, 28, 451, 'Sangalla (Sanggala)'),
(6230, 28, 451, 'Sangalla Selatan'),
(6231, 28, 451, 'Sangalla Utara'),
(6232, 28, 451, 'Simbuang'),
(6233, 13, 452, 'Angsana'),
(6234, 13, 452, 'Batulicin'),
(6235, 13, 452, 'Karang Bintang'),
(6236, 13, 452, 'Kuranji'),
(6237, 13, 452, 'Kusan Hilir'),
(6238, 13, 452, 'Kusan Hulu'),
(6239, 13, 452, 'Mantewe'),
(6240, 13, 452, 'Satui'),
(6241, 13, 452, 'Simpang Empat'),
(6242, 13, 452, 'Sungai Loban'),
(6243, 32, 453, 'Batipuh'),
(6244, 32, 453, 'Batipuh Selatan'),
(6245, 32, 453, 'Lima Kaum'),
(6246, 32, 453, 'Lintau Buo'),
(6247, 32, 453, 'Lintau Buo Utara'),
(6248, 32, 453, 'Padang Ganting'),
(6249, 32, 453, 'Pariangan'),
(6250, 32, 453, 'Rambatan'),
(6251, 32, 453, 'Salimpaung'),
(6252, 32, 453, 'Sepuluh Koto (X Koto)'),
(6253, 32, 453, 'Sungai Tarab'),
(6254, 32, 453, 'Sungayang'),
(6255, 32, 453, 'Tanjung Baru'),
(6256, 32, 453, 'Tanjung Emas'),
(6257, 13, 454, 'Bajuin'),
(6258, 13, 454, 'Bati-Bati'),
(6259, 13, 454, 'Batu Ampar'),
(6260, 13, 454, 'Bumi Makmur'),
(6261, 13, 454, 'Jorong'),
(6262, 13, 454, 'Kintap'),
(6263, 13, 454, 'Kurau'),
(6264, 13, 454, 'Panyipatan'),
(6265, 13, 454, 'Pelaihari'),
(6266, 13, 454, 'Takisung'),
(6267, 13, 454, 'Tambang Ulang'),
(6268, 3, 455, 'Balaraja'),
(6269, 3, 455, 'Cikupa'),
(6270, 3, 455, 'Cisauk'),
(6271, 3, 455, 'Cisoka'),
(6272, 3, 455, 'Curug'),
(6273, 3, 455, 'Gunung Kaler'),
(6274, 3, 455, 'Jambe'),
(6275, 3, 455, 'Jayanti'),
(6276, 3, 455, 'Kelapa Dua'),
(6277, 3, 455, 'Kemiri'),
(6278, 3, 455, 'Kosambi'),
(6279, 3, 455, 'Kresek'),
(6280, 3, 455, 'Kronjo'),
(6281, 3, 455, 'Legok'),
(6282, 3, 455, 'Mauk'),
(6283, 3, 455, 'Mekar Baru'),
(6284, 3, 455, 'Pagedangan'),
(6285, 3, 455, 'Pakuhaji'),
(6286, 3, 455, 'Panongan'),
(6287, 3, 455, 'Pasar Kemis'),
(6288, 3, 455, 'Rajeg'),
(6289, 3, 455, 'Sepatan'),
(6290, 3, 455, 'Sepatan Timur'),
(6291, 3, 455, 'Sindang Jaya'),
(6292, 3, 455, 'Solear'),
(6293, 3, 455, 'Sukadiri'),
(6294, 3, 455, 'Sukamulya'),
(6295, 3, 455, 'Teluknaga'),
(6296, 3, 455, 'Tigaraksa'),
(6297, 3, 456, 'Batuceper'),
(6298, 3, 456, 'Benda'),
(6299, 3, 456, 'Cibodas'),
(6300, 3, 456, 'Ciledug'),
(6301, 3, 456, 'Cipondoh'),
(6302, 3, 456, 'Jatiuwung'),
(6303, 3, 456, 'Karang Tengah'),
(6304, 3, 456, 'Karawaci'),
(6305, 3, 456, 'Larangan'),
(6306, 3, 456, 'Neglasari'),
(6307, 3, 456, 'Periuk'),
(6308, 3, 456, 'Pinang (Penang)'),
(6309, 3, 456, 'Tangerang'),
(6310, 3, 457, 'Ciputat'),
(6311, 3, 457, 'Ciputat Timur'),
(6312, 3, 457, 'Pamulang'),
(6313, 3, 457, 'Pondok Aren'),
(6314, 3, 457, 'Serpong'),
(6315, 3, 457, 'Serpong Utara'),
(6316, 3, 457, 'Setu'),
(6317, 18, 458, 'Air Naningan'),
(6318, 18, 458, 'Bandar Negeri Semuong'),
(6319, 18, 458, 'Bulok'),
(6320, 18, 458, 'Cukuh Balak'),
(6321, 18, 458, 'Gisting'),
(6322, 18, 458, 'Gunung Alip'),
(6323, 18, 458, 'Kelumbayan'),
(6324, 18, 458, 'Kelumbayan Barat'),
(6325, 18, 458, 'Kota Agung (Kota Agung Pusat)'),
(6326, 18, 458, 'Kota Agung Barat'),
(6327, 18, 458, 'Kota Agung Timur'),
(6328, 18, 458, 'Limau'),
(6329, 18, 458, 'Pematang Sawa'),
(6330, 18, 458, 'Pugung'),
(6331, 18, 458, 'Pulau Panggung'),
(6332, 18, 458, 'Semaka'),
(6333, 18, 458, 'Sumberejo'),
(6334, 18, 458, 'Talang Padang'),
(6335, 18, 458, 'Ulubelu'),
(6336, 18, 458, 'Wonosobo'),
(6337, 34, 459, 'Datuk Bandar'),
(6338, 34, 459, 'Datuk Bandar Timur'),
(6339, 34, 459, 'Sei Tualang Raso'),
(6340, 34, 459, 'Tanjung Balai Selatan'),
(6341, 34, 459, 'Tanjung Balai Utara'),
(6342, 34, 459, 'Teluk Nibung'),
(6343, 8, 460, 'Batang Asam'),
(6344, 8, 460, 'Betara'),
(6345, 8, 460, 'Bram Itam'),
(6346, 8, 460, 'Kuala Betara'),
(6347, 8, 460, 'Merlung'),
(6348, 8, 460, 'Muara Papalik'),
(6349, 8, 460, 'Pengabuan'),
(6350, 8, 460, 'Renah Mendaluh'),
(6351, 8, 460, 'Seberang Kota'),
(6352, 8, 460, 'Senyerang'),
(6353, 8, 460, 'Tebing Tinggi'),
(6354, 8, 460, 'Tungkal Ilir'),
(6355, 8, 460, 'Tungkal Ulu'),
(6356, 8, 461, 'Berbak'),
(6357, 8, 461, 'Dendang'),
(6358, 8, 461, 'Geragai'),
(6359, 8, 461, 'Kuala Jambi'),
(6360, 8, 461, 'Mendahara'),
(6361, 8, 461, 'Mendahara Ulu'),
(6362, 8, 461, 'Muara Sabak Barat'),
(6363, 8, 461, 'Muara Sabak Timur'),
(6364, 8, 461, 'Nipah Panjang'),
(6365, 8, 461, 'Rantau Rasau'),
(6366, 8, 461, 'Sadu'),
(6367, 17, 462, 'Bukit Bestari'),
(6368, 17, 462, 'Tanjung Pinang Barat'),
(6369, 17, 462, 'Tanjung Pinang Kota'),
(6370, 17, 462, 'Tanjung Pinang Timur'),
(6371, 34, 463, 'Aek Bilah'),
(6372, 34, 463, 'Angkola Barat (Padang Sidempuan)'),
(6373, 34, 463, 'Angkola Sangkunur'),
(6374, 34, 463, 'Angkola Selatan (Siais)'),
(6375, 34, 463, 'Angkola Timur (Padang Sidempuan)'),
(6376, 34, 463, 'Arse'),
(6377, 34, 463, 'Batang Angkola'),
(6378, 34, 463, 'Batang Toru'),
(6379, 34, 463, 'Marancar'),
(6380, 34, 463, 'Muara Batang Toru'),
(6381, 34, 463, 'Saipar Dolok Hole'),
(6382, 34, 463, 'Sayur Matinggi'),
(6383, 34, 463, 'Sipirok'),
(6384, 34, 463, 'Tano Tombangan Angkola'),
(6385, 34, 464, 'Andam Dewi'),
(6386, 34, 464, 'Badiri'),
(6387, 34, 464, 'Barus'),
(6388, 34, 464, 'Barus Utara'),
(6389, 34, 464, 'Kolang'),
(6390, 34, 464, 'Lumut'),
(6391, 34, 464, 'Manduamas'),
(6392, 34, 464, 'Pandan'),
(6393, 34, 464, 'Pasaribu Tobing'),
(6394, 34, 464, 'Pinangsori'),
(6395, 34, 464, 'Sarudik'),
(6396, 34, 464, 'Sibabangun'),
(6397, 34, 464, 'Sirandorung'),
(6398, 34, 464, 'Sitahuis'),
(6399, 34, 464, 'Sorkam'),
(6400, 34, 464, 'Sorkam Barat'),
(6401, 34, 464, 'Sosor Gadong'),
(6402, 34, 464, 'Suka Bangun'),
(6403, 34, 464, 'Tapian Nauli'),
(6404, 34, 464, 'Tukka'),
(6405, 34, 465, 'Adian Koting'),
(6406, 34, 465, 'Garoga'),
(6407, 34, 465, 'Muara'),
(6408, 34, 465, 'Pagaran'),
(6409, 34, 465, 'Pahae Jae'),
(6410, 34, 465, 'Pahae Julu'),
(6411, 34, 465, 'Pangaribuan'),
(6412, 34, 465, 'Parmonangan'),
(6413, 34, 465, 'Purbatua'),
(6414, 34, 465, 'Siatas Barita'),
(6415, 34, 465, 'Siborong-Borong'),
(6416, 34, 465, 'Simangumban'),
(6417, 34, 465, 'Sipahutar'),
(6418, 34, 465, 'Sipoholon'),
(6419, 34, 465, 'Tarutung'),
(6420, 13, 466, 'Bakarangan'),
(6421, 13, 466, 'Binuang'),
(6422, 13, 466, 'Bungur'),
(6423, 13, 466, 'Candi Laras Selatan'),
(6424, 13, 466, 'Candi Laras Utara'),
(6425, 13, 466, 'Hatungun'),
(6426, 13, 466, 'Lokpaikat'),
(6427, 13, 466, 'Piani'),
(6428, 13, 466, 'Salam Babaris'),
(6429, 13, 466, 'Tapin Selatan'),
(6430, 13, 466, 'Tapin Tengah'),
(6431, 13, 466, 'Tapin Utara'),
(6432, 16, 467, 'Tarakan Barat'),
(6433, 16, 467, 'Tarakan Tengah'),
(6434, 16, 467, 'Tarakan Timur'),
(6435, 16, 467, 'Tarakan Utara'),
(6436, 9, 468, 'Bantarkalong'),
(6437, 9, 468, 'Bojongasih'),
(6438, 9, 468, 'Bojonggambir'),
(6439, 9, 468, 'Ciawi'),
(6440, 9, 468, 'Cibalong'),
(6441, 9, 468, 'Cigalontang'),
(6442, 9, 468, 'Cikalong'),
(6443, 9, 468, 'Cikatomas'),
(6444, 9, 468, 'Cineam'),
(6445, 9, 468, 'Cipatujah'),
(6446, 9, 468, 'Cisayong'),
(6447, 9, 468, 'Culamega'),
(6448, 9, 468, 'Gunung Tanjung'),
(6449, 9, 468, 'Jamanis'),
(6450, 9, 468, 'Jatiwaras'),
(6451, 9, 468, 'Kadipaten'),
(6452, 9, 468, 'Karang Jaya'),
(6453, 9, 468, 'Karangnunggal'),
(6454, 9, 468, 'Leuwisari'),
(6455, 9, 468, 'Mangunreja'),
(6456, 9, 468, 'Manonjaya'),
(6457, 9, 468, 'Padakembang'),
(6458, 9, 468, 'Pagerageung'),
(6459, 9, 468, 'Pancatengah'),
(6460, 9, 468, 'Parungponteng'),
(6461, 9, 468, 'Puspahiang'),
(6462, 9, 468, 'Rajapolah'),
(6463, 9, 468, 'Salawu'),
(6464, 9, 468, 'Salopa'),
(6465, 9, 468, 'Sariwangi'),
(6466, 9, 468, 'Singaparna'),
(6467, 9, 468, 'Sodonghilir'),
(6468, 9, 468, 'Sukahening'),
(6469, 9, 468, 'Sukaraja'),
(6470, 9, 468, 'Sukarame'),
(6471, 9, 468, 'Sukaratu'),
(6472, 9, 468, 'Sukaresik'),
(6473, 9, 468, 'Tanjungjaya'),
(6474, 9, 468, 'Taraju'),
(6475, 9, 469, 'Bungursari'),
(6476, 9, 469, 'Cibeureum'),
(6477, 9, 469, 'Cihideung'),
(6478, 9, 469, 'Cipedes'),
(6479, 9, 469, 'Indihiang'),
(6480, 9, 469, 'Kawalu'),
(6481, 9, 469, 'Mangkubumi'),
(6482, 9, 469, 'Purbaratu'),
(6483, 9, 469, 'Tamansari'),
(6484, 9, 469, 'Tawang'),
(6485, 34, 470, 'Bajenis'),
(6486, 34, 470, 'Padang Hilir'),
(6487, 34, 470, 'Padang Hulu'),
(6488, 34, 470, 'Rambutan'),
(6489, 34, 470, 'Tebing Tinggi Kota'),
(6490, 8, 471, 'Muara Tabir'),
(6491, 8, 471, 'Rimbo Bujang'),
(6492, 8, 471, 'Rimbo Ilir'),
(6493, 8, 471, 'Rimbo Ulu'),
(6494, 8, 471, 'Serai Serumpun'),
(6495, 8, 471, 'Sumay'),
(6496, 8, 471, 'Tebo Ilir'),
(6497, 8, 471, 'Tebo Tengah'),
(6498, 8, 471, 'Tebo Ulu'),
(6499, 8, 471, 'Tengah Ilir'),
(6500, 8, 471, 'VII Koto'),
(6501, 8, 471, 'VII Koto Ilir'),
(6502, 10, 472, 'Adiwerna'),
(6503, 10, 472, 'Balapulang'),
(6504, 10, 472, 'Bojong'),
(6505, 10, 472, 'Bumijawa'),
(6506, 10, 472, 'Dukuhturi'),
(6507, 10, 472, 'Dukuhwaru'),
(6508, 10, 472, 'Jatinegara'),
(6509, 10, 472, 'Kedung Banteng'),
(6510, 10, 472, 'Kramat'),
(6511, 10, 472, 'Lebaksiu'),
(6512, 10, 472, 'Margasari'),
(6513, 10, 472, 'Pagerbarang'),
(6514, 10, 472, 'Pangkah'),
(6515, 10, 472, 'Slawi'),
(6516, 10, 472, 'Surodadi'),
(6517, 10, 472, 'Talang'),
(6518, 10, 472, 'Tarub'),
(6519, 10, 472, 'Warurejo'),
(6520, 10, 473, 'Margadana'),
(6521, 10, 473, 'Tegal Barat'),
(6522, 10, 473, 'Tegal Selatan'),
(6523, 10, 473, 'Tegal Timur'),
(6524, 25, 474, 'Aranday'),
(6525, 25, 474, 'Aroba'),
(6526, 25, 474, 'Babo'),
(6527, 25, 474, 'Bintuni'),
(6528, 25, 474, 'Biscoop'),
(6529, 25, 474, 'Dataran Beimes'),
(6530, 25, 474, 'Fafurwar (Irorutu)'),
(6531, 25, 474, 'Kaitaro'),
(6532, 25, 474, 'Kamundan'),
(6533, 25, 474, 'Kuri'),
(6534, 25, 474, 'Manimeri'),
(6535, 25, 474, 'Masyeta'),
(6536, 25, 474, 'Mayado'),
(6537, 25, 474, 'Merdey'),
(6538, 25, 474, 'Moskona Barat'),
(6539, 25, 474, 'Moskona Selatan'),
(6540, 25, 474, 'Moskona Timur'),
(6541, 25, 474, 'Moskona Utara'),
(6542, 25, 474, 'Sumuri (Simuri)'),
(6543, 25, 474, 'Tembuni'),
(6544, 25, 474, 'Tomu'),
(6545, 25, 474, 'Tuhiba'),
(6546, 25, 474, 'Wamesa (Idoor)'),
(6547, 25, 474, 'Weriagar'),
(6548, 25, 475, 'Kuri Wamesa'),
(6549, 25, 475, 'Naikere (Wasior Barat)'),
(6550, 25, 475, 'Nikiwar'),
(6551, 25, 475, 'Rasiei'),
(6552, 25, 475, 'Roon'),
(6553, 25, 475, 'Roswar'),
(6554, 25, 475, 'Rumberpon'),
(6555, 25, 475, 'Soug Jaya'),
(6556, 25, 475, 'Teluk Duairi (Wasior Utara)'),
(6557, 25, 475, 'Wamesa'),
(6558, 25, 475, 'Wasior'),
(6559, 25, 475, 'Windesi'),
(6560, 25, 475, 'Wondiboy (Wasior Selatan)'),
(6561, 10, 476, 'Bansari'),
(6562, 10, 476, 'Bejen'),
(6563, 10, 476, 'Bulu'),
(6564, 10, 476, 'Candiroto'),
(6565, 10, 476, 'Gemawang'),
(6566, 10, 476, 'Jumo'),
(6567, 10, 476, 'Kaloran'),
(6568, 10, 476, 'Kandangan'),
(6569, 10, 476, 'Kedu'),
(6570, 10, 476, 'Kledung'),
(6571, 10, 476, 'Kranggan'),
(6572, 10, 476, 'Ngadirejo'),
(6573, 10, 476, 'Parakan'),
(6574, 10, 476, 'Pringsurat'),
(6575, 10, 476, 'Selopampang'),
(6576, 10, 476, 'Temanggung'),
(6577, 10, 476, 'Tembarak'),
(6578, 10, 476, 'Tlogomulyo'),
(6579, 10, 476, 'Tretep'),
(6580, 10, 476, 'Wonoboyo'),
(6581, 20, 477, 'Moti (Pulau Moti)'),
(6582, 20, 477, 'Pulau Batang Dua'),
(6583, 20, 477, 'Pulau Hiri'),
(6584, 20, 477, 'Pulau Ternate'),
(6585, 20, 477, 'Ternate Selatan (Kota)'),
(6586, 20, 477, 'Ternate Tengah (Kota)'),
(6587, 20, 477, 'Ternate Utara (Kota)'),
(6588, 20, 478, 'Oba'),
(6589, 20, 478, 'Oba Selatan'),
(6590, 20, 478, 'Oba Tengah'),
(6591, 20, 478, 'Oba Utara'),
(6592, 20, 478, 'Tidore (Pulau Tidore)'),
(6593, 20, 478, 'Tidore Selatan'),
(6594, 20, 478, 'Tidore Timur (Pulau Tidore)'),
(6595, 20, 478, 'Tidore Utara'),
(6596, 23, 479, 'Amanatun Selatan'),
(6597, 23, 479, 'Amanatun Utara'),
(6598, 23, 479, 'Amanuban Barat'),
(6599, 23, 479, 'Amanuban Selatan'),
(6600, 23, 479, 'Amanuban Tengah'),
(6601, 23, 479, 'Amanuban Timur'),
(6602, 23, 479, 'Batu Putih'),
(6603, 23, 479, 'Boking'),
(6604, 23, 479, 'Fatukopa'),
(6605, 23, 479, 'Fatumnasi'),
(6606, 23, 479, 'Fautmolo'),
(6607, 23, 479, 'Kie (Ki\'e)'),
(6608, 23, 479, 'Kok Baun'),
(6609, 23, 479, 'Kolbano'),
(6610, 23, 479, 'Kot Olin'),
(6611, 23, 479, 'Kota Soe'),
(6612, 23, 479, 'Kualin'),
(6613, 23, 479, 'Kuanfatu'),
(6614, 23, 479, 'Kuatnana'),
(6615, 23, 479, 'Mollo Barat'),
(6616, 23, 479, 'Mollo Selatan'),
(6617, 23, 479, 'Mollo Tengah'),
(6618, 23, 479, 'Mollo Utara'),
(6619, 23, 479, 'Noebana'),
(6620, 23, 479, 'Noebeba'),
(6621, 23, 479, 'Nunbena'),
(6622, 23, 479, 'Nunkolo'),
(6623, 23, 479, 'Oenino'),
(6624, 23, 479, 'Polen'),
(6625, 23, 479, 'Santian'),
(6626, 23, 479, 'Tobu'),
(6627, 23, 479, 'Toianas'),
(6628, 23, 480, 'Biboki Anleu'),
(6629, 23, 480, 'Biboki Feotleu'),
(6630, 23, 480, 'Biboki Moenleu'),
(6631, 23, 480, 'Biboki Selatan'),
(6632, 23, 480, 'Biboki Tan Pah'),
(6633, 23, 480, 'Biboki Utara'),
(6634, 23, 480, 'Bikomi Nilulat'),
(6635, 23, 480, 'Bikomi Selatan'),
(6636, 23, 480, 'Bikomi Tengah'),
(6637, 23, 480, 'Bikomi Utara'),
(6638, 23, 480, 'Insana'),
(6639, 23, 480, 'Insana Barat'),
(6640, 23, 480, 'Insana Fafinesu'),
(6641, 23, 480, 'Insana Tengah'),
(6642, 23, 480, 'Insana Utara'),
(6643, 23, 480, 'Kota Kefamenanu'),
(6644, 23, 480, 'Miomaffo Barat'),
(6645, 23, 480, 'Miomaffo Tengah'),
(6646, 23, 480, 'Miomaffo Timur'),
(6647, 23, 480, 'Musi'),
(6648, 23, 480, 'Mutis'),
(6649, 23, 480, 'Naibenu'),
(6650, 23, 480, 'Noemuti'),
(6651, 23, 480, 'Noemuti Timur'),
(6652, 34, 481, 'Ajibata'),
(6653, 34, 481, 'Balige'),
(6654, 34, 481, 'Bonatua Lunasi'),
(6655, 34, 481, 'Bor-Bor'),
(6656, 34, 481, 'Habinsaran'),
(6657, 34, 481, 'Laguboti'),
(6658, 34, 481, 'Lumban Julu'),
(6659, 34, 481, 'Nassau'),
(6660, 34, 481, 'Parmaksian'),
(6661, 34, 481, 'Pintu Pohan Meranti'),
(6662, 34, 481, 'Porsea'),
(6663, 34, 481, 'Siantar Narumonda'),
(6664, 34, 481, 'Sigumpar'),
(6665, 34, 481, 'Silaen'),
(6666, 34, 481, 'Tampahan'),
(6667, 34, 481, 'Uluan'),
(6668, 29, 482, 'Ampana Kota'),
(6669, 29, 482, 'Ampana Tete'),
(6670, 29, 482, 'Togean'),
(6671, 29, 482, 'Tojo'),
(6672, 29, 482, 'Tojo Barat'),
(6673, 29, 482, 'Ulu Bongka'),
(6674, 29, 482, 'Una - Una'),
(6675, 29, 482, 'Walea Besar'),
(6676, 29, 482, 'Walea Kepulauan'),
(6677, 29, 483, 'Baolan'),
(6678, 29, 483, 'Basidondo'),
(6679, 29, 483, 'Dako Pamean'),
(6680, 29, 483, 'Dampal Selatan'),
(6681, 29, 483, 'Dampal Utara'),
(6682, 29, 483, 'Dondo'),
(6683, 29, 483, 'Galang'),
(6684, 29, 483, 'Lampasio'),
(6685, 29, 483, 'Ogo Deide'),
(6686, 29, 483, 'Tolitoli Utara'),
(6687, 24, 484, 'Airgaram'),
(6688, 24, 484, 'Anawi'),
(6689, 24, 484, 'Aweku'),
(6690, 24, 484, 'Bewani'),
(6691, 24, 484, 'Biuk'),
(6692, 24, 484, 'Bogonuk'),
(6693, 24, 484, 'Bokondini'),
(6694, 24, 484, 'Bokoneri'),
(6695, 24, 484, 'Danime'),
(6696, 24, 484, 'Dow'),
(6697, 24, 484, 'Dundu (Ndundu)'),
(6698, 24, 484, 'Egiam'),
(6699, 24, 484, 'Geya'),
(6700, 24, 484, 'Gika'),
(6701, 24, 484, 'Gilubandu (Gilumbandu/Gilimbandu)'),
(6702, 24, 484, 'Goyage'),
(6703, 24, 484, 'Gundagi (Gudage)'),
(6704, 24, 484, 'Kai'),
(6705, 24, 484, 'Kamboneri'),
(6706, 24, 484, 'Kanggime (Kanggima )'),
(6707, 24, 484, 'Karubaga'),
(6708, 24, 484, 'Kembu'),
(6709, 24, 484, 'Kondaga (Konda)'),
(6710, 24, 484, 'Kuari'),
(6711, 24, 484, 'Kubu'),
(6712, 24, 484, 'Li Anogomma'),
(6713, 24, 484, 'Nabunage'),
(6714, 24, 484, 'Nelawi'),
(6715, 24, 484, 'Numba'),
(6716, 24, 484, 'Nunggawi (Munggawi)'),
(6717, 24, 484, 'Panaga'),
(6718, 24, 484, 'Poganeri'),
(6719, 24, 484, 'Tagime'),
(6720, 24, 484, 'Tagineri'),
(6721, 24, 484, 'Telenggeme'),
(6722, 24, 484, 'Timori'),
(6723, 24, 484, 'Umagi'),
(6724, 24, 484, 'Wakuwo'),
(6725, 24, 484, 'Wari (Taiyeve)'),
(6726, 24, 484, 'Wenam'),
(6727, 24, 484, 'Wina'),
(6728, 24, 484, 'Wonoki (Woniki)'),
(6729, 24, 484, 'Wugi'),
(6730, 24, 484, 'Wunin (Wumin)'),
(6731, 24, 484, 'Yuko'),
(6732, 24, 484, 'Yuneri'),
(6733, 31, 485, 'Tomohon Barat'),
(6734, 31, 485, 'Tomohon Selatan'),
(6735, 31, 485, 'Tomohon Tengah'),
(6736, 31, 485, 'Tomohon Timur'),
(6737, 31, 485, 'Tomohon Utara'),
(6738, 28, 486, 'Awan Rante Karua'),
(6739, 28, 486, 'Balusu'),
(6740, 28, 486, 'Bangkelekila'),
(6741, 28, 486, 'Baruppu'),
(6742, 28, 486, 'Buntao'),
(6743, 28, 486, 'Buntu Pepasan'),
(6744, 28, 486, 'Dende\' Piongan Napo'),
(6745, 28, 486, 'Kapalla Pitu (Kapala Pitu)'),
(6746, 28, 486, 'Kesu'),
(6747, 28, 486, 'Nanggala'),
(6748, 28, 486, 'Rantebua'),
(6749, 28, 486, 'Rantepao'),
(6750, 28, 486, 'Rindingallo'),
(6751, 28, 486, 'Sa\'dan'),
(6752, 28, 486, 'Sanggalangi'),
(6753, 28, 486, 'Sesean'),
(6754, 28, 486, 'Sesean Suloara'),
(6755, 28, 486, 'Sopai'),
(6756, 28, 486, 'Tallunglipu'),
(6757, 28, 486, 'Tikala'),
(6758, 28, 486, 'Tondon'),
(6759, 11, 487, 'Bendungan'),
(6760, 11, 487, 'Dongko'),
(6761, 11, 487, 'Durenan'),
(6762, 11, 487, 'Gandusari'),
(6763, 11, 487, 'Kampak'),
(6764, 11, 487, 'Karangan'),
(6765, 11, 487, 'Munjungan'),
(6766, 11, 487, 'Panggul'),
(6767, 11, 487, 'Pogalan'),
(6768, 11, 487, 'Pule'),
(6769, 11, 487, 'Suruh'),
(6770, 11, 487, 'Trenggalek'),
(6771, 11, 487, 'Tugu'),
(6772, 11, 487, 'Watulimo'),
(6773, 19, 488, 'Kur Selatan'),
(6774, 19, 488, 'Pulau Dullah Selatan'),
(6775, 19, 488, 'Pulau Dullah Utara'),
(6776, 19, 488, 'Pulau Tayando Tam'),
(6777, 19, 488, 'Pulau-Pulau Kur'),
(6778, 11, 489, 'Bancar'),
(6779, 11, 489, 'Bangilan'),
(6780, 11, 489, 'Grabagan'),
(6781, 11, 489, 'Jatirogo'),
(6782, 11, 489, 'Jenu'),
(6783, 11, 489, 'Kenduruan'),
(6784, 11, 489, 'Kerek'),
(6785, 11, 489, 'Merakurak'),
(6786, 11, 489, 'Montong'),
(6787, 11, 489, 'Palang'),
(6788, 11, 489, 'Parengan'),
(6789, 11, 489, 'Plumpang'),
(6790, 11, 489, 'Rengel'),
(6791, 11, 489, 'Semanding'),
(6792, 11, 489, 'Senori'),
(6793, 11, 489, 'Singgahan'),
(6794, 11, 489, 'Soko'),
(6795, 11, 489, 'Tambakboyo'),
(6796, 11, 489, 'Tuban'),
(6797, 11, 489, 'Widang'),
(6798, 18, 490, 'Banjar Agung'),
(6799, 18, 490, 'Banjar Baru'),
(6800, 18, 490, 'Banjar Margo'),
(6801, 18, 490, 'Dente Teladas'),
(6802, 18, 490, 'Gedung Aji'),
(6803, 18, 490, 'Gedung Aji Baru'),
(6804, 18, 490, 'Gedung Meneng'),
(6805, 18, 490, 'Menggala'),
(6806, 18, 490, 'Menggala Timur'),
(6807, 18, 490, 'Meraksa Aji'),
(6808, 18, 490, 'Penawar Aji'),
(6809, 18, 490, 'Penawar Tama'),
(6810, 18, 490, 'Rawa Pitu'),
(6811, 18, 490, 'Rawajitu Selatan'),
(6812, 18, 490, 'Rawajitu Timur'),
(6813, 18, 491, 'Gunung Agung'),
(6814, 18, 491, 'Gunung Terang'),
(6815, 18, 491, 'Lambu Kibang'),
(6816, 18, 491, 'Pagar Dewa'),
(6817, 18, 491, 'Tulang Bawang Tengah'),
(6818, 18, 491, 'Tulang Bawang Udik'),
(6819, 18, 491, 'Tumijajar'),
(6820, 18, 491, 'Way Kenanga'),
(6821, 11, 492, 'Bandung'),
(6822, 11, 492, 'Besuki'),
(6823, 11, 492, 'Boyolangu'),
(6824, 11, 492, 'Campur Darat'),
(6825, 11, 492, 'Gondang'),
(6826, 11, 492, 'Kalidawir'),
(6827, 11, 492, 'Karang Rejo'),
(6828, 11, 492, 'Kauman'),
(6829, 11, 492, 'Kedungwaru'),
(6830, 11, 492, 'Ngantru'),
(6831, 11, 492, 'Ngunut'),
(6832, 11, 492, 'Pagerwojo'),
(6833, 11, 492, 'Pakel'),
(6834, 11, 492, 'Pucanglaban'),
(6835, 11, 492, 'Rejotangan'),
(6836, 11, 492, 'Sendang'),
(6837, 11, 492, 'Sumbergempol'),
(6838, 11, 492, 'Tanggung Gunung'),
(6839, 11, 492, 'Tulungagung'),
(6840, 28, 493, 'Belawa'),
(6841, 28, 493, 'Bola'),
(6842, 28, 493, 'Gilireng'),
(6843, 28, 493, 'Keera'),
(6844, 28, 493, 'Majauleng'),
(6845, 28, 493, 'Maniang Pajo'),
(6846, 28, 493, 'Pammana'),
(6847, 28, 493, 'Penrang'),
(6848, 28, 493, 'Pitumpanua'),
(6849, 28, 493, 'Sabbang Paru'),
(6850, 28, 493, 'Sajoanging'),
(6851, 28, 493, 'Takkalalla'),
(6852, 28, 493, 'Tana Sitolo'),
(6853, 28, 493, 'Tempe'),
(6854, 30, 494, 'Binongko'),
(6855, 30, 494, 'Kaledupa'),
(6856, 30, 494, 'Kaledupa Selatan'),
(6857, 30, 494, 'Togo Binongko'),
(6858, 30, 494, 'Tomia'),
(6859, 30, 494, 'Tomia Timur'),
(6860, 30, 494, 'Wangi-Wangi'),
(6861, 30, 494, 'Wangi-Wangi Selatan'),
(6862, 24, 495, 'Demba Masirei'),
(6863, 24, 495, 'Inggerus'),
(6864, 24, 495, 'Kirihi'),
(6865, 24, 495, 'Masirei'),
(6866, 24, 495, 'Oudate Waropen'),
(6867, 24, 495, 'Risei Sayati'),
(6868, 24, 495, 'Ureifasei'),
(6869, 24, 495, 'Wapoga Inggerus'),
(6870, 24, 495, 'Waropen Bawah'),
(6871, 18, 496, 'Bahuga'),
(6872, 18, 496, 'Banjit'),
(6873, 18, 496, 'Baradatu'),
(6874, 18, 496, 'Blambangan Umpu'),
(6875, 18, 496, 'Buay Bahuga'),
(6876, 18, 496, 'Bumi Agung'),
(6877, 18, 496, 'Gunung Labuhan'),
(6878, 18, 496, 'Kasui'),
(6879, 18, 496, 'Negara Batin'),
(6880, 18, 496, 'Negeri Agung'),
(6881, 18, 496, 'Negeri Besar'),
(6882, 18, 496, 'Pakuan Ratu'),
(6883, 18, 496, 'Rebang Tangkas'),
(6884, 18, 496, 'Way Tuba'),
(6885, 10, 497, 'Baturetno'),
(6886, 10, 497, 'Batuwarno'),
(6887, 10, 497, 'Bulukerto'),
(6888, 10, 497, 'Eromoko'),
(6889, 10, 497, 'Girimarto'),
(6890, 10, 497, 'Giritontro'),
(6891, 10, 497, 'Giriwoyo'),
(6892, 10, 497, 'Jatipurno'),
(6893, 10, 497, 'Jatiroto'),
(6894, 10, 497, 'Jatisrono'),
(6895, 10, 497, 'Karangtengah'),
(6896, 10, 497, 'Kismantoro'),
(6897, 10, 497, 'Manyaran'),
(6898, 10, 497, 'Ngadirojo'),
(6899, 10, 497, 'Nguntoronadi'),
(6900, 10, 497, 'Paranggupito'),
(6901, 10, 497, 'Pracimantoro'),
(6902, 10, 497, 'Puhpelem'),
(6903, 10, 497, 'Purwantoro'),
(6904, 10, 497, 'Selogiri'),
(6905, 10, 497, 'Sidoharjo'),
(6906, 10, 497, 'Slogohimo'),
(6907, 10, 497, 'Tirtomoyo'),
(6908, 10, 497, 'Wonogiri'),
(6909, 10, 497, 'Wuryantoro'),
(6910, 10, 498, 'Garung'),
(6911, 10, 498, 'Kalibawang'),
(6912, 10, 498, 'Kalikajar'),
(6913, 10, 498, 'Kaliwiro'),
(6914, 10, 498, 'Kejajar'),
(6915, 10, 498, 'Kepil'),
(6916, 10, 498, 'Kertek'),
(6917, 10, 498, 'Leksono'),
(6918, 10, 498, 'Mojotengah'),
(6919, 10, 498, 'Sapuran'),
(6920, 10, 498, 'Selomerto'),
(6921, 10, 498, 'Sukoharjo'),
(6922, 10, 498, 'Wadaslintang'),
(6923, 10, 498, 'Watumalang'),
(6924, 10, 498, 'Wonosobo'),
(6925, 24, 499, 'Amuma'),
(6926, 24, 499, 'Anggruk'),
(6927, 24, 499, 'Bomela'),
(6928, 24, 499, 'Dekai'),
(6929, 24, 499, 'Dirwemna (Diruwena)'),
(6930, 24, 499, 'Duram'),
(6931, 24, 499, 'Endomen'),
(6932, 24, 499, 'Hereapini (Hereanini)'),
(6933, 24, 499, 'Hilipuk'),
(6934, 24, 499, 'Hogio (Hugio)'),
(6935, 24, 499, 'Holuon'),
(6936, 24, 499, 'Kabianggama (Kabianggema)'),
(6937, 24, 499, 'Kayo'),
(6938, 24, 499, 'Kona'),
(6939, 24, 499, 'Koropun (Korupun)'),
(6940, 24, 499, 'Kosarek'),
(6941, 24, 499, 'Kurima'),
(6942, 24, 499, 'Kwelemdua (Kwelamdua)'),
(6943, 24, 499, 'Kwikma'),
(6944, 24, 499, 'Langda'),
(6945, 24, 499, 'Lolat'),
(6946, 24, 499, 'Mugi'),
(6947, 24, 499, 'Musaik'),
(6948, 24, 499, 'Nalca'),
(6949, 24, 499, 'Ninia'),
(6950, 24, 499, 'Nipsan'),
(6951, 24, 499, 'Obio'),
(6952, 24, 499, 'Panggema'),
(6953, 24, 499, 'Pasema'),
(6954, 24, 499, 'Pronggoli (Proggoli)'),
(6955, 24, 499, 'Puldama'),
(6956, 24, 499, 'Samenage'),
(6957, 24, 499, 'Sela'),
(6958, 24, 499, 'Seredela (Seredala)'),
(6959, 24, 499, 'Silimo'),
(6960, 24, 499, 'Soba'),
(6961, 24, 499, 'Sobaham'),
(6962, 24, 499, 'Soloikma'),
(6963, 24, 499, 'Sumo'),
(6964, 24, 499, 'Suntamon'),
(6965, 24, 499, 'Suru Suru'),
(6966, 24, 499, 'Talambo'),
(6967, 24, 499, 'Tangma'),
(6968, 24, 499, 'Ubahak'),
(6969, 24, 499, 'Ubalihi'),
(6970, 24, 499, 'Ukha'),
(6971, 24, 499, 'Walma'),
(6972, 24, 499, 'Werima'),
(6973, 24, 499, 'Wusuma'),
(6974, 24, 499, 'Yahuliambut'),
(6975, 24, 499, 'Yogosem'),
(6976, 24, 500, 'Abenaho'),
(6977, 24, 500, 'Apalapsili'),
(6978, 24, 500, 'Benawa'),
(6979, 24, 500, 'Elelim'),
(6980, 24, 500, 'Welarek'),
(6981, 5, 501, 'Danurejan'),
(6982, 5, 501, 'Gedong Tengen'),
(6983, 5, 501, 'Gondokusuman'),
(6984, 5, 501, 'Gondomanan'),
(6985, 5, 501, 'Jetis'),
(6986, 5, 501, 'Kotagede'),
(6987, 5, 501, 'Kraton'),
(6988, 5, 501, 'Mantrijeron'),
(6989, 5, 501, 'Mergangsan'),
(6990, 5, 501, 'Ngampilan'),
(6991, 5, 501, 'Pakualaman'),
(6992, 5, 501, 'Tegalrejo'),
(6993, 5, 501, 'Umbulharjo'),
(6994, 5, 501, 'Wirobrajan');

-- --------------------------------------------------------

--
-- Table structure for table `supplier`
--

CREATE TABLE `supplier` (
  `id_supplier` int(11) NOT NULL,
  `spl_nama` varchar(255) DEFAULT NULL,
  `spl_alamat` text DEFAULT NULL,
  `spl_phone` varchar(255) DEFAULT NULL,
  `spl_email` varchar(255) DEFAULT NULL,
  `created_at` datetime DEFAULT NULL,
  `updated_at` datetime DEFAULT NULL,
  `deleted_at` datetime DEFAULT NULL
) ENGINE=InnoDB DEFAULT CHARSET=utf8mb4;

-- --------------------------------------------------------

--
-- Table structure for table `tb_karyawan`
--

CREATE TABLE `tb_karyawan` (
  `id` int(11) NOT NULL,
  `kode_karyawan` varchar(100) CHARACTER SET latin1 DEFAULT NULL,
  `nama_karyawan` varchar(255) DEFAULT NULL,
  `alamat_karyawan` text CHARACTER SET latin1 DEFAULT NULL,
  `telp_karyawan` varchar(30) CHARACTER SET latin1 DEFAULT NULL,
  `posisi_karyawan` varchar(20) CHARACTER SET latin1 DEFAULT NULL,
  `email_karyawan` varchar(255) CHARACTER SET latin1 DEFAULT NULL,
  `foto_karyawan` varchar(255) CHARACTER SET latin1 DEFAULT NULL,
  `created_at` datetime DEFAULT NULL,
  `updated_at` datetime DEFAULT NULL,
  `deleted_at` datetime DEFAULT NULL
) ENGINE=InnoDB DEFAULT CHARSET=utf8;

--
-- Dumping data for table `tb_karyawan`
--

INSERT INTO `tb_karyawan` (`id`, `kode_karyawan`, `nama_karyawan`, `alamat_karyawan`, `telp_karyawan`, `posisi_karyawan`, `email_karyawan`, `foto_karyawan`, `created_at`, `updated_at`, `deleted_at`) VALUES
(5, '2', 'Mahendra Wardana', 'Siibangkaja', '081934364063', 'Programmer', 'mahendra.adi.wardana@gmail.com', 'circle-cropped.png', '2019-02-08 07:38:08', '2021-06-02 21:24:35', NULL),
(118, '2', 'I Putu Mahendra Adi Wardana1', 'Sibangkaja1', '081934 364 0631', 'IT Support1', 'mahendra.adi.wardana1@gmail.com', NULL, '2020-12-05 08:31:22', '2020-12-05 09:31:11', '2020-12-05 09:31:11'),
(119, NULL, 'lk', 'lk', 'klk', 'l', 'lk@k.com', NULL, '2020-12-05 09:31:36', '2020-12-05 09:31:44', '2020-12-05 09:31:44'),
(120, NULL, 'I Putu Mahendra Adi Wardana', 'kl', 'lkl', 'k', 'klk@gmail.com', NULL, '2020-12-05 09:32:45', '2020-12-05 09:32:50', '2020-12-05 09:32:50'),
(121, NULL, 'Komang Ary Budhi', '-', '-', '-', 'ary@gmail.com', NULL, '2020-12-07 02:46:28', '2020-12-07 02:46:28', NULL),
(122, NULL, 'Paramitha Mutiara', '-', '-', '-', 'mitha@gmail.com', NULL, '2020-12-07 02:47:01', '2020-12-07 02:47:01', NULL),
(123, NULL, 'Komang Sudharmayasa', '-', '-', '-', 'komang@gmail.com', NULL, '2020-12-07 02:47:25', '2020-12-07 02:47:25', NULL),
(124, NULL, 'Dwi Pramithayani', '-', '-', '-', 'dwi@gmail.com', NULL, '2020-12-07 02:47:46', '2020-12-07 02:47:46', NULL),
(125, NULL, 'Komang Adiaksa', '-', '-', '-', 'komang@gmail.com', NULL, '2020-12-07 02:48:05', '2020-12-07 02:48:05', NULL);

-- --------------------------------------------------------

--
-- Table structure for table `tb_user`
--

CREATE TABLE `tb_user` (
  `id` int(11) NOT NULL,
  `id_karyawan` int(11) DEFAULT NULL,
  `id_user_role` int(11) DEFAULT NULL,
  `username` varchar(20) DEFAULT NULL,
  `password` varchar(100) DEFAULT NULL,
  `inisial_karyawan` varchar(10) DEFAULT NULL,
  `id_lokasi` text DEFAULT NULL,
  `created_at` datetime DEFAULT NULL,
  `updated_at` datetime DEFAULT NULL,
  `deleted_at` datetime DEFAULT NULL
) ENGINE=InnoDB DEFAULT CHARSET=latin1;

--
-- Dumping data for table `tb_user`
--

INSERT INTO `tb_user` (`id`, `id_karyawan`, `id_user_role`, `username`, `password`, `inisial_karyawan`, `id_lokasi`, `created_at`, `updated_at`, `deleted_at`) VALUES
(1, 5, 2, 'mahendrawardana', '$2y$10$3/dnn5l4R2C1BKnAOSThw.DA14SiQPcO1Vuh.JsUSzfxyfm.iNxoy', 'MD', '3', '2019-02-08 08:20:40', '2020-12-05 12:14:24', '2020-12-05 12:14:24'),
(23, 5, 2, 'mahendrawardana', '$2y$10$mGbiqqsuH7VMJYMG9HpEHOj6QjtWz316pF17vdQqASvfM2NwIwmn.', 'billing', '6', '2020-08-02 18:18:43', '2021-06-03 08:29:26', NULL),
(24, 5, 16, 'foreman', '$2y$10$8NNuiOLYUksBUoK7ScaP/.F11uxV/AWC5I.JAdlLrj0kLtUqTv9I6', 'foreman', '6', '2020-08-02 18:19:05', '2020-12-05 12:15:04', '2020-12-05 12:15:04'),
(25, 5, 15, 'sa', '$2y$10$GoC/aVcCeMdh0KuocdJLue6HKD0kXjkWvKW8Tt7aKltYuj9Q/bsIe', 'sa', '6', '2020-08-02 18:19:22', '2020-12-05 12:14:16', '2020-12-05 12:14:16'),
(26, 5, 2, 'admin', '$2y$10$3/dnn5l4R2C1BKnAOSThw.DA14SiQPcO1Vuh.JsUSzfxyfm.iNxoy', 'admin', '6', '2020-08-15 15:37:25', '2020-12-05 12:14:31', NULL),
(27, 5, 19, 'perawat', '$2y$10$Tj/zmxDfSx3Ps.PzHY4rguO.1gQUjNfl0zkbLjkjaMMk4In2jqeB2', NULL, NULL, '2020-12-05 12:27:06', '2020-12-07 02:48:37', '2020-12-07 02:48:37'),
(28, 124, 19, 'dwi', '$2y$10$eC6xi0sk.47Xb9fCqcCS6uvR58ADVMcb4y61X2IbRXUF46fVJ3Amy', NULL, NULL, '2020-12-07 02:49:00', '2020-12-14 09:12:10', NULL),
(29, 125, 19, 'adi', '$2y$10$8VF6pw.B7fdV1SYaopXwPO.k4IQ6xZGRETE00vKlORzEX96.lzPe2', NULL, NULL, '2020-12-07 02:49:16', '2020-12-14 09:11:53', NULL),
(30, 121, 18, 'ary', '$2y$10$2WK0Lgc3QGbdsAatWvldde/3CgmVBuW5kC.qnrJIe6n1aaWWLEm8C', NULL, NULL, '2020-12-07 02:49:33', '2020-12-14 09:12:01', NULL),
(31, 123, 19, 'komang', '$2y$10$FiRvFwFUJQDSbEh5v8msSORkoFhBmeykttQsUSgKa7y0VU7RVgfBa', NULL, NULL, '2020-12-07 02:50:34', '2020-12-14 09:12:20', NULL),
(32, 122, 2, 'mitha', '$2y$10$F5NkwFOT2TiGeeQcHWyZiuQeCvf0rR3iK2jff885BykKo3Eses/yW', NULL, NULL, '2020-12-07 02:50:53', '2020-12-14 09:12:29', NULL);

-- --------------------------------------------------------

--
-- Table structure for table `tb_user_role`
--

CREATE TABLE `tb_user_role` (
  `id` int(11) NOT NULL,
  `role_name` varchar(255) DEFAULT NULL,
  `role_keterangan` text DEFAULT NULL,
  `role_akses` text DEFAULT NULL,
  `updated_at` datetime DEFAULT NULL,
  `created_at` datetime DEFAULT NULL,
  `deleted_at` datetime DEFAULT NULL
) ENGINE=InnoDB DEFAULT CHARSET=latin1;

--
-- Dumping data for table `tb_user_role`
--

INSERT INTO `tb_user_role` (`id`, `role_name`, `role_keterangan`, `role_akses`, `updated_at`, `created_at`, `deleted_at`) VALUES
(2, 'ADMINISTRATOR', NULL, '{\"dashboard\":{\"akses_menu\":true,\"action\":{\"list\":true}},\"appointment\":{\"akses_menu\":true,\"action\":{\"list\":true,\"create_admin\":true,\"create_member\":true,\"detail\":true,\"edit\":true,\"delete\":true}},\"konsultasi\":{\"akses_menu\":true,\"action\":{\"list\":true,\"consult_done\":true,\"consult_cancel\":true,\"edit\":true,\"detail\":true}},\"tindakan\":{\"akses_menu\":true,\"action\":{\"action_wait_list\":true,\"action_wait_done\":true,\"action_wait_cancel\":true,\"action_wait_edit\":true,\"action_wait_detail\":true,\"action_done_list\":true,\"action_done_edit\":true,\"action_done_detail\":true}},\"kontrol\":{\"akses_menu\":true,\"action\":{\"list\":true,\"control_done\":true,\"edit\":true,\"detail\":true}},\"selesai\":{\"akses_menu\":true,\"action\":{\"list\":true,\"medic_record_print\":true,\"payment_print\":true,\"done_back\":true,\"detail\":true}},\"payment\":{\"akses_menu\":true,\"action\":{\"list\":true,\"print\":true,\"edit\":true}},\"kalender_jadwal\":{\"akses_menu\":true,\"action\":{\"list\":true}},\"data_pasien\":{\"akses_menu\":true,\"action\":{\"list\":true,\"medic_record_print\":true,\"medic_record_edit\":true}},\"reminder\":{\"akses_menu\":true,\"pengaturan_reminder\":{\"akses_menu\":true,\"list\":true,\"update\":true},\"riwayat_reminder\":{\"akses_menu\":true,\"list\":true,\"detail\":true},\"link_whatsapp\":{\"akses_menu\":true,\"list\":true}},\"master_data\":{\"akses_menu\":true,\"staff\":{\"akses_menu\":true,\"list\":true,\"create\":true,\"edit\":true,\"delete\":true},\"role_user\":{\"akses_menu\":true,\"list\":true,\"menu_akses\":true,\"create\":true,\"edit\":true,\"delete\":true},\"user\":{\"akses_menu\":true,\"list\":true,\"create\":true,\"edit\":true,\"delete\":true},\"metode_tindakan\":{\"akses_menu\":true,\"list\":true,\"create\":true,\"edit\":true,\"delete\":true}}}', '2021-06-02 21:56:41', '2019-05-14 22:20:00', NULL),
(15, 'SERVICE ADVICER', NULL, '', '2020-12-05 12:15:15', '2020-08-02 18:16:33', '2020-12-05 12:15:15'),
(16, 'FOREMAN', NULL, '', '2020-12-05 12:15:20', '2020-08-02 18:16:40', '2020-12-05 12:15:20'),
(17, 'BILLING', NULL, '{\"dashboard\":{\"akses_menu\":true,\"action\":{\"list\":true}},\"appointment\":{\"akses_menu\":true,\"action\":{\"list\":true,\"detail\":true,\"edit\":true,\"delete\":true}},\"konsultasi\":{\"akses_menu\":true,\"action\":{\"list\":true,\"consult_done\":true,\"consult_cancel\":true,\"edit\":true,\"history\":true}},\"tindakan\":{\"akses_menu\":true,\"action\":{\"list\":true,\"action_done\":true,\"action_back\":true,\"edit\":true,\"history\":true}},\"kontrol\":{\"akses_menu\":true,\"action\":{\"list\":true,\"control_done\":true,\"control_back\":true,\"edit\":true,\"history\":true}},\"selesai\":{\"akses_menu\":true,\"action\":{\"list\":true,\"medic_record_print\":true,\"payment_print\":true,\"done_back\":true,\"history\":true}},\"payment\":{\"akses_menu\":true,\"action\":{\"list\":true,\"print\":true,\"detail\":true,\"edit\":true,\"delete\":true}},\"kalender_jadwal\":{\"akses_menu\":true,\"action\":{\"list\":true}},\"data_pasien\":{\"akses_menu\":true,\"action\":{\"list\":true,\"medic_record_print\":true,\"medic_record_edit\":true,\"detail\":true,\"edit\":true,\"delete\":true}},\"reminder\":{\"akses_menu\":true,\"pengaturan_reminder\":{\"akses_menu\":true,\"list\":true,\"update\":true},\"riwayat_reminder\":{\"akses_menu\":true,\"list\":true,\"detail\":true}},\"master_data\":{\"akses_menu\":true,\"staff\":{\"akses_menu\":true,\"list\":true,\"create\":true,\"edit\":true,\"delete\":true},\"role_user\":{\"akses_menu\":true,\"list\":true,\"menu_akses\":true,\"create\":true,\"edit\":true,\"delete\":true},\"user\":{\"akses_menu\":true,\"list\":true,\"create\":true,\"edit\":true,\"delete\":true}}}', '2020-12-05 12:15:26', '2020-08-02 18:16:45', '2020-12-05 12:15:26'),
(18, 'DOKTER', NULL, '{\"dashboard\":{\"akses_menu\":true,\"action\":{\"list\":true}},\"appointment\":{\"akses_menu\":true,\"action\":{\"list\":true,\"detail\":true,\"edit\":true,\"delete\":true}},\"konsultasi\":{\"akses_menu\":true,\"action\":{\"list\":true,\"consult_done\":true,\"consult_cancel\":true,\"edit\":true,\"history\":true}},\"tindakan\":{\"akses_menu\":true,\"action\":{\"list\":true,\"action_done\":true,\"action_back\":true,\"edit\":true,\"history\":true}},\"kontrol\":{\"akses_menu\":true,\"action\":{\"list\":true,\"control_done\":true,\"control_back\":true,\"edit\":true,\"history\":true}},\"selesai\":{\"akses_menu\":true,\"action\":{\"list\":true,\"medic_record_print\":true,\"payment_print\":true,\"done_back\":true,\"history\":true}},\"payment\":{\"akses_menu\":true,\"action\":{\"list\":true,\"print\":true,\"detail\":true,\"edit\":true,\"delete\":true}},\"kalender_jadwal\":{\"akses_menu\":true,\"action\":{\"list\":true}},\"data_pasien\":{\"akses_menu\":true,\"action\":{\"list\":true,\"medic_record_print\":true,\"medic_record_edit\":true,\"detail\":true,\"edit\":true,\"delete\":true}},\"reminder\":{\"akses_menu\":true,\"pengaturan_reminder\":{\"akses_menu\":true,\"list\":true,\"update\":true},\"riwayat_reminder\":{\"akses_menu\":true,\"list\":true,\"detail\":true},\"link_whatsapp\":{\"akses_menu\":true,\"list\":true}},\"master_data\":{\"akses_menu\":true,\"staff\":{\"akses_menu\":true,\"list\":true,\"create\":true,\"edit\":true,\"delete\":true},\"role_user\":{\"akses_menu\":true,\"list\":true,\"menu_akses\":true,\"create\":true,\"edit\":true,\"delete\":true},\"user\":{\"akses_menu\":true,\"list\":true,\"create\":true,\"edit\":true,\"delete\":true},\"metode_tindakan\":{\"akses_menu\":true,\"list\":true,\"create\":true,\"edit\":true,\"delete\":true}}}', '2021-06-02 21:25:27', '2020-12-05 12:16:27', NULL),
(19, 'PERAWAT', NULL, '{\"dashboard\":{\"akses_menu\":true,\"action\":{\"list\":true}},\"appointment\":{\"akses_menu\":false,\"action\":{\"list\":false,\"create_admin\":false,\"create_member\":false,\"detail\":false,\"edit\":false,\"delete\":false}},\"konsultasi\":{\"akses_menu\":true,\"action\":{\"list\":true,\"consult_done\":true,\"consult_cancel\":true,\"edit\":true,\"detail\":false}},\"tindakan\":{\"akses_menu\":true,\"action\":{\"action_wait_list\":true,\"action_wait_done\":true,\"action_wait_back\":true,\"action_wait_cancel\":true,\"action_wait_edit\":true,\"action_wait_detail\":true,\"action_done_list\":true,\"action_done_edit\":true,\"action_done_detail\":true}},\"kontrol\":{\"akses_menu\":true,\"action\":{\"list\":true,\"control_done\":true,\"control_back\":true,\"edit\":true,\"detail\":false}},\"selesai\":{\"akses_menu\":true,\"action\":{\"list\":true,\"medic_record_print\":true,\"payment_print\":true,\"done_back\":true,\"detail\":false}},\"payment\":{\"akses_menu\":false,\"action\":{\"list\":false,\"print\":false,\"edit\":false}},\"kalender_jadwal\":{\"akses_menu\":true,\"action\":{\"list\":true}},\"data_pasien\":{\"akses_menu\":true,\"action\":{\"list\":true,\"medic_record_print\":true,\"medic_record_edit\":true,\"detail\":false,\"edit\":false,\"delete\":false}},\"reminder\":{\"akses_menu\":true,\"pengaturan_reminder\":{\"akses_menu\":true,\"list\":false,\"update\":true},\"riwayat_reminder\":{\"akses_menu\":false,\"list\":false,\"detail\":false},\"link_whatsapp\":{\"akses_menu\":false,\"list\":false}},\"master_data\":{\"akses_menu\":true,\"staff\":{\"akses_menu\":true,\"list\":true,\"create\":true,\"edit\":true,\"delete\":false},\"role_user\":{\"akses_menu\":false,\"list\":false,\"menu_akses\":false,\"create\":false,\"edit\":false,\"delete\":false},\"user\":{\"akses_menu\":false,\"list\":false,\"create\":false,\"edit\":false,\"delete\":false},\"metode_tindakan\":{\"akses_menu\":true,\"list\":true,\"create\":false,\"edit\":false,\"delete\":true}}}', '2021-06-03 08:27:37', '2020-12-05 12:24:43', NULL);

--
-- Indexes for dumped tables
--

--
-- Indexes for table `arus_stok`
--
ALTER TABLE `arus_stok`
  ADD PRIMARY KEY (`id_arus_stok_barang`);

--
-- Indexes for table `barang`
--
ALTER TABLE `barang`
  ADD PRIMARY KEY (`id_barang`);

--
-- Indexes for table `history_penyesuaian_barang`
--
ALTER TABLE `history_penyesuaian_barang`
  ADD PRIMARY KEY (`id_history_penyesuaian_stok`);

--
-- Indexes for table `hutang_lain`
--
ALTER TABLE `hutang_lain`
  ADD PRIMARY KEY (`id_hutang_lain`) USING BTREE;

--
-- Indexes for table `hutang_lain_pembayaran`
--
ALTER TABLE `hutang_lain_pembayaran`
  ADD PRIMARY KEY (`id_hutang_lain_pembayaran`) USING BTREE;

--
-- Indexes for table `hutang_supplier`
--
ALTER TABLE `hutang_supplier`
  ADD PRIMARY KEY (`id_hutang_supplier`);

--
-- Indexes for table `hutang_supplier_pembayaran`
--
ALTER TABLE `hutang_supplier_pembayaran`
  ADD PRIMARY KEY (`id_hutang_supplier_pembayaran`);

--
-- Indexes for table `jenis_barang`
--
ALTER TABLE `jenis_barang`
  ADD PRIMARY KEY (`id_jenis_barang`) USING BTREE;

--
-- Indexes for table `penjualan`
--
ALTER TABLE `penjualan`
  ADD PRIMARY KEY (`id_penjualan`);

--
-- Indexes for table `penjualan_detail`
--
ALTER TABLE `penjualan_detail`
  ADD PRIMARY KEY (`id_penjualan_detail`);

--
-- Indexes for table `piutang_lain`
--
ALTER TABLE `piutang_lain`
  ADD PRIMARY KEY (`id_piutang_lain`) USING BTREE;

--
-- Indexes for table `piutang_lain_pembayaran`
--
ALTER TABLE `piutang_lain_pembayaran`
  ADD PRIMARY KEY (`id_piutang_lain_pembayaran`) USING BTREE;

--
-- Indexes for table `piutang_pelanggan`
--
ALTER TABLE `piutang_pelanggan`
  ADD PRIMARY KEY (`id_piutang_pelanggan`);

--
-- Indexes for table `piutang_pelanggan_pembayaran`
--
ALTER TABLE `piutang_pelanggan_pembayaran`
  ADD PRIMARY KEY (`id_piutang_pelanggan_pembayaran`);

--
-- Indexes for table `po_barang_detail`
--
ALTER TABLE `po_barang_detail`
  ADD PRIMARY KEY (`id_po_barang_detail`);

--
-- Indexes for table `province`
--
ALTER TABLE `province`
  ADD PRIMARY KEY (`id_province`) USING BTREE;

--
-- Indexes for table `satuan`
--
ALTER TABLE `satuan`
  ADD PRIMARY KEY (`id_satuan`);

--
-- Indexes for table `stok_barang`
--
ALTER TABLE `stok_barang`
  ADD PRIMARY KEY (`id_stok_barang`);

--
-- Indexes for table `subdistrict`
--
ALTER TABLE `subdistrict`
  ADD PRIMARY KEY (`id_subdistrict`) USING BTREE;

--
-- Indexes for table `supplier`
--
ALTER TABLE `supplier`
  ADD PRIMARY KEY (`id_supplier`);

--
-- Indexes for table `tb_karyawan`
--
ALTER TABLE `tb_karyawan`
  ADD PRIMARY KEY (`id`) USING BTREE;

--
-- Indexes for table `tb_user`
--
ALTER TABLE `tb_user`
  ADD PRIMARY KEY (`id`) USING BTREE,
  ADD KEY `id_karyawan` (`id_karyawan`) USING BTREE,
  ADD KEY `id_user_role` (`id_user_role`) USING BTREE;

--
-- Indexes for table `tb_user_role`
--
ALTER TABLE `tb_user_role`
  ADD PRIMARY KEY (`id`) USING BTREE;

--
-- AUTO_INCREMENT for dumped tables
--

--
-- AUTO_INCREMENT for table `arus_stok`
--
ALTER TABLE `arus_stok`
  MODIFY `id_arus_stok_barang` int(11) NOT NULL AUTO_INCREMENT;

--
-- AUTO_INCREMENT for table `barang`
--
ALTER TABLE `barang`
  MODIFY `id_barang` int(11) NOT NULL AUTO_INCREMENT;

--
-- AUTO_INCREMENT for table `history_penyesuaian_barang`
--
ALTER TABLE `history_penyesuaian_barang`
  MODIFY `id_history_penyesuaian_stok` int(11) NOT NULL AUTO_INCREMENT;

--
-- AUTO_INCREMENT for table `hutang_lain_pembayaran`
--
ALTER TABLE `hutang_lain_pembayaran`
  MODIFY `id_hutang_lain_pembayaran` int(11) NOT NULL AUTO_INCREMENT;

--
-- AUTO_INCREMENT for table `hutang_supplier_pembayaran`
--
ALTER TABLE `hutang_supplier_pembayaran`
  MODIFY `id_hutang_supplier_pembayaran` int(11) NOT NULL AUTO_INCREMENT;

--
-- AUTO_INCREMENT for table `jenis_barang`
--
ALTER TABLE `jenis_barang`
  MODIFY `id_jenis_barang` int(11) NOT NULL AUTO_INCREMENT;

--
-- AUTO_INCREMENT for table `penjualan_detail`
--
ALTER TABLE `penjualan_detail`
  MODIFY `id_penjualan_detail` int(11) NOT NULL AUTO_INCREMENT;

--
-- AUTO_INCREMENT for table `piutang_lain`
--
ALTER TABLE `piutang_lain`
  MODIFY `id_piutang_lain` int(11) NOT NULL AUTO_INCREMENT;

--
-- AUTO_INCREMENT for table `piutang_lain_pembayaran`
--
ALTER TABLE `piutang_lain_pembayaran`
  MODIFY `id_piutang_lain_pembayaran` int(11) NOT NULL AUTO_INCREMENT;

--
-- AUTO_INCREMENT for table `piutang_pelanggan`
--
ALTER TABLE `piutang_pelanggan`
  MODIFY `id_piutang_pelanggan` int(11) NOT NULL AUTO_INCREMENT;

--
-- AUTO_INCREMENT for table `piutang_pelanggan_pembayaran`
--
ALTER TABLE `piutang_pelanggan_pembayaran`
  MODIFY `id_piutang_pelanggan_pembayaran` int(11) NOT NULL AUTO_INCREMENT;

--
-- AUTO_INCREMENT for table `po_barang_detail`
--
ALTER TABLE `po_barang_detail`
  MODIFY `id_po_barang_detail` int(11) NOT NULL AUTO_INCREMENT;

--
-- AUTO_INCREMENT for table `province`
--
ALTER TABLE `province`
  MODIFY `id_province` int(11) NOT NULL AUTO_INCREMENT, AUTO_INCREMENT=35;

--
-- AUTO_INCREMENT for table `satuan`
--
ALTER TABLE `satuan`
  MODIFY `id_satuan` int(11) NOT NULL AUTO_INCREMENT;

--
-- AUTO_INCREMENT for table `stok_barang`
--
ALTER TABLE `stok_barang`
  MODIFY `id_stok_barang` int(11) NOT NULL AUTO_INCREMENT;

--
-- AUTO_INCREMENT for table `subdistrict`
--
ALTER TABLE `subdistrict`
  MODIFY `id_subdistrict` int(11) NOT NULL AUTO_INCREMENT, AUTO_INCREMENT=6995;

--
-- AUTO_INCREMENT for table `supplier`
--
ALTER TABLE `supplier`
  MODIFY `id_supplier` int(11) NOT NULL AUTO_INCREMENT;

--
-- AUTO_INCREMENT for table `tb_karyawan`
--
ALTER TABLE `tb_karyawan`
  MODIFY `id` int(11) NOT NULL AUTO_INCREMENT, AUTO_INCREMENT=126;

--
-- AUTO_INCREMENT for table `tb_user`
--
ALTER TABLE `tb_user`
  MODIFY `id` int(11) NOT NULL AUTO_INCREMENT, AUTO_INCREMENT=33;

--
-- AUTO_INCREMENT for table `tb_user_role`
--
ALTER TABLE `tb_user_role`
  MODIFY `id` int(11) NOT NULL AUTO_INCREMENT, AUTO_INCREMENT=20;

--
-- Constraints for dumped tables
--

--
-- Constraints for table `tb_user`
--
ALTER TABLE `tb_user`
  ADD CONSTRAINT `tb_user_ibfk_1` FOREIGN KEY (`id_karyawan`) REFERENCES `tb_karyawan` (`id`),
  ADD CONSTRAINT `tb_user_ibfk_2` FOREIGN KEY (`id_user_role`) REFERENCES `tb_user_role` (`id`);
COMMIT;

/*!40101 SET CHARACTER_SET_CLIENT=@OLD_CHARACTER_SET_CLIENT */;
/*!40101 SET CHARACTER_SET_RESULTS=@OLD_CHARACTER_SET_RESULTS */;
/*!40101 SET COLLATION_CONNECTION=@OLD_COLLATION_CONNECTION */;
